"id","x","y"
"before",97.6787708502954,26.9111462112542
"before",101.814232141417,27.0184746206627
"before",100.683344963271,27.4000693629552
"before",94.3751279986518,25.1710239788204
"before",98.4676672219535,27.3545111855526
"before",95.7868445512854,29.1317698247941
"before",104.239926796444,27.6126549181994
"before",98.0171493614712,26.6038820606933
"before",96.3349726901611,28.5138547568774
"before",98.8671687867112,27.0715745014304
"before",97.9408612504828,28.215854634032
"before",100.71908590063,26.6763648807543
"before",102.851319367071,26.4875719552459
"before",97.2647221961435,25.4018253900229
"before",102.478383621815,27.5678774203156
"before",101.163443971465,27.8289731589449
"before",100.803705266352,27.2329660405235
"before",102.282178449584,27.2812341200156
"before",94.5189604147828,26.3477601397811
"before",98.6704246961947,26.7725946555777
"before",103.858235601903,30.0348313128813
"before",95.9444553819188,25.9077070241116
"before",93.8066682264726,26.2008524527225
"before",97.7370372337998,25.3126364754351
"before",98.1016391880456,26.767642126486
"before",95.5782173255995,27.987499524586
"before",99.6903435345966,28.9329525744077
"before",100.346674155502,25.399745506447
"before",96.6858794200701,25.0583020117612
"before",102.359504302264,28.5538616928589
"before",98.9650643028076,28.2110357730736
"before",105.664876814313,29.9247432686488
"before",106.922752388194,30.0104303732094
"before",100.198755690503,28.7712153970871
"before",100.747719507659,27.5151577424442
"before",103.351572081201,26.1563273755432
"before",99.6827279287517,27.4479621192873
"before",100.977936682442,27.6166618954766
"before",106.885073898557,29.1419455039885
"before",100.191610803356,28.4007131621399
"before",104.053567982673,29.7837349672113
"before",100.131021231526,26.8261346787651
"before",101.880881282976,27.7987047042126
"before",100.168049143368,25.6260629736796
"before",97.4970232911235,26.9791219817143
"before",98.5684226170198,28.7790747803442
"before",96.3133452919591,25.8008083397625
"before",98.2572827034206,27.3114554745511
"before",98.869098315641,28.1733861554905
"before",104.303477809462,26.2810840374198
"before",104.710697727857,27.4328961836615
"before",105.018580898231,29.5991770389703
"before",103.577790001317,30.6293808200635
"before",100.43959122944,26.8522083655033
"before",100.567245436136,25.8406700414634
"before",99.2130247518753,27.252236755118
"before",103.229479972354,27.4499426112907
"before",101.900577953551,26.355076653853
"before",97.9440129137139,27.0411597441222
"before",98.9815585176625,24.7491225553193
"before",95.4186700233579,26.4961215552855
"before",106.780906960113,28.4328227348648
"before",95.7840625945265,24.949308647692
"before",93.61258363463,26.6367250714151
"before",98.6743079500657,26.922254300773
"before",105.648581671135,28.6874434468276
"before",97.7666828254552,26.4979759605395
"before",97.8806711372859,24.4910173868514
"before",103.937049145728,29.1533792983843
"before",101.424868044136,27.0185174918956
"before",98.2013074568328,27.780883756078
"before",99.1291690883407,27.2164661451826
"before",99.1310015273733,27.4668558227186
"before",103.408405774483,27.0957281318425
"before",102.370172520662,25.6881268311622
"before",98.499249105809,27.6036043210358
"before",105.060855237287,27.1021779432803
"before",97.4384103157039,24.629918013691
"before",98.6906802353571,27.5797747689902
"before",100.578325077416,27.1130938136853
"before",104.598878874227,28.4080380534706
"before",97.6818978480806,26.0465296275304
"before",104.297370924017,27.7211664554062
"before",102.101228718878,28.8211957856753
"before",99.8164442573375,25.9252978169051
"before",93.6304702969812,22.0009150115533
"before",98.9723394645216,26.2152806874144
"before",103.884566873127,28.3179447430327
"before",99.4894205993486,26.401105037131
"before",97.4338336922956,25.0791998226258
"before",99.18022563038,26.9510861304669
"before",100.398334048256,26.3118429325361
"before",95.7424093932732,25.3559389878782
"before",98.8501043277956,25.3135085109887
"before",106.374993639392,30.1459934040653
"before",103.364807146065,27.0020372389117
"before",105.982913327511,28.4865528087654
"before",99.438929164101,24.700886046746
"before",99.3601730859846,26.0037010935091
"before",102.913287535955,26.4707898363837
"before",98.0771111550351,24.3489116656344
"before",102.658573433048,28.876039087034
"before",100.668709647117,26.9582016073983
"before",95.4799271808715,25.8255365497891
"before",105.797611487644,28.2396197552083
"before",101.659496131508,26.4273136983991
"before",98.5648317048037,26.3518930490609
"before",98.494508049342,28.0078920710832
"before",96.900216385759,25.4777186747573
"before",100.904412562221,27.5649501064482
"before",94.8075148204142,24.0874297731426
"before",100.865910001937,27.7687138567889
"before",105.383569445011,28.4627959960173
"before",112.849686375781,30.5716864162289
"before",99.4552700606033,25.2373489863043
"before",98.5451382893397,27.6999464427863
"before",100.896771866695,25.5880719050888
"before",103.887743626477,28.1485655668295
"before",101.082939761507,26.7793779169061
"before",100.223575077361,26.9029659274373
"before",107.679707261992,26.1304565608321
"before",105.745007370161,28.5186751865272
"before",99.0445416147733,25.8869924013875
"before",102.814806595575,27.6316009668063
"before",94.4906023457935,24.5785685532323
"before",100.443754292562,28.1943754674955
"before",95.7405789977311,23.8520184384726
"before",101.081141176743,25.7923098183438
"before",96.3915407420967,25.5418123749688
"before",97.9800309296102,28.8875372019645
"before",95.7797972519449,24.6105030865001
"before",100.843344018026,27.7611789041693
"before",99.1774365646655,25.5846161723737
"before",96.2608314249685,26.1773928218662
"before",97.1180817290131,26.5783196802897
"before",104.337237595381,29.259585828346
"before",102.275074858189,28.2895617341544
"before",98.3751863070174,26.1621431657564
"before",102.204768259207,27.7707427493727
"before",102.024324240511,28.4424592052048
"before",100.205680033114,25.4550499532398
"before",100.150143527213,27.3835648721849
"before",101.312561526633,26.8844714632853
"before",101.621222560048,28.9663079472383
"before",102.315244247013,26.9443486449272
"before",103.548012838379,28.7181497500222
"before",96.8090599013304,26.6577918492889
"before",98.4652113719857,26.8997769545956
"before",96.2987384369213,24.1899026540589
"before",103.137165912907,28.4244147153415
"before",102.612396101164,25.9623608414672
"before",97.7234190585508,27.4348140252483
"before",105.87109077755,28.030846555949
"before",98.0971295581205,26.8901784767544
"before",98.5140867937257,27.2270030233756
"before",97.811694151995,24.6950410265759
"before",97.8370421611826,26.6941597768484
"before",102.287930881888,25.7754096941753
"before",99.7181800082169,28.3506639383489
"before",100.973841890858,27.4383973931818
"before",98.2239058667605,26.2003179551134
"before",99.150644738677,28.8812423559947
"before",101.644863668798,28.8100083989628
"before",101.676232293059,26.8517403259901
"before",95.2170274191832,24.6827812546243
"before",97.9765173299797,26.748445827035
"before",97.4443158613983,24.7667813687196
"before",105.216876365601,31.2136380869103
"before",101.684786004059,28.2870840879886
"before",100.710480753577,27.3043146301769
"before",99.3979773664327,26.8505710461328
"before",100.449528343039,28.1536552862443
"before",97.297647230975,26.7640082870776
"before",95.960361991312,26.0565681382288
"before",100.907646063239,28.603537099189
"before",104.174643465198,27.2992525966975
"before",96.3671743649085,25.5162988856964
"before",102.63089636871,27.3032934563426
"before",100.531027858518,25.2337881793419
"before",97.2845870853294,26.3631135410212
"before",98.7144422083873,25.8421555634063
"before",96.0293321942141,25.0674147787919
"before",105.684344740435,27.4814575967582
"before",95.4245485249057,25.6717103896277
"before",93.721563323464,24.1545753032565
"before",106.963425066113,29.983216953538
"before",96.9601197590513,27.1520849813718
"before",98.7298128070482,26.4270745357238
"before",96.8412075738203,24.9407111517481
"before",101.731072766152,27.9113284574606
"before",98.5296137500065,27.1044355862459
"before",98.7005967584749,26.4233182046681
"before",102.627002673636,29.5107030318978
"before",94.1355179806903,24.9196388553785
"before",96.9768790598199,26.4735080410102
"before",101.339687429986,25.6360843724764
"before",107.577713860966,29.0117178522332
"before",102.771078888264,27.1881774543123
"before",101.209362363591,27.9323425008803
"before",98.6290823498069,25.9363263042751
"before",98.3029908824079,27.2268435944919
"before",101.705292548602,27.2780083207088
"before",99.8862783766309,26.2489415162001
"before",99.3240669777808,27.0218028507434
"before",99.1093335472526,27.3671236639977
"before",103.836961391128,28.4840915685192
"before",102.071889532058,28.0356607376675
"before",93.0064369302287,24.3001099434762
"before",103.724648597233,27.6828034304816
"before",97.913905440684,25.8653708674515
"before",101.216955405134,28.1962480604963
"before",96.291857607725,25.240326177668
"before",103.710477371937,29.4519658775968
"before",105.516642583729,27.3173285461231
"before",97.7866330869099,26.477099704605
"before",103.499313416096,29.3778713767956
"before",103.21943252917,26.1690498718321
"before",97.9112199173026,27.1339369582778
"before",98.2005132503696,25.4438541543784
"before",92.4670394281718,25.4265007525291
"before",96.9925295052153,23.918936930104
"before",102.087941000894,28.0434036207086
"before",101.306539486936,29.3473465866129
"before",102.681637135994,29.6909803257687
"before",101.376828084642,27.8475740887117
"before",103.61009898113,27.9741476512086
"before",94.8099363127922,24.768288384404
"before",96.0111347948886,26.4041294169873
"before",101.452786465291,30.4777198936673
"before",97.0932799618232,25.4791399933664
"before",101.05975881963,28.7767233156565
"before",102.753433312683,28.2363413385237
"before",103.713735086944,27.8515993589099
"before",98.918049730517,27.7856891892743
"before",93.7798970862998,24.2246086156662
"before",99.3424189515252,27.4475854298257
"before",100.250106896976,28.6549853166723
"before",103.787832835706,29.3651099349494
"before",94.8961199590358,24.0308607354711
"before",101.30978903035,26.2768764177708
"before",103.504085192735,29.3603976971041
"before",99.5761958598348,27.1344464739362
"before",101.681653467474,27.5303972104396
"before",100.563895879715,27.2857757879554
"before",97.137353975722,27.5677889810128
"before",96.6277360174427,25.4848096559004
"before",105.741972150269,30.3200272917445
"before",98.4711266185206,26.294272267678
"before",102.754965505961,27.0102579442664
"before",95.1908973198811,27.725367758917
"before",101.390829031614,27.4887958495657
"before",97.6758278612576,26.959063203751
"before",92.0440784091053,23.6844241831772
"before",102.086414646737,28.4133502993179
"before",101.406694690513,26.1678324751531
"before",105.804384170917,27.9932933674179
"before",98.6109075286917,26.1593342886993
"before",96.4143030355398,24.9078047481307
"before",98.1511357587099,29.4609778875546
"before",98.5629832057755,27.9531365972392
"before",100.708519829967,27.0741236240586
"before",96.789347513851,25.406368171288
"before",100.847423128887,27.9659035226635
"before",97.3792836866489,25.4400094848288
"before",100.835519094567,26.6460065607115
"before",100.488120581273,27.0125124696218
"before",101.628595805491,27.3040674494309
"before",97.5023532939014,26.575448988553
"before",99.068208120402,27.1538708111449
"before",98.9354156757004,26.877282969595
"before",104.20253513697,28.5203407555582
"before",104.947893510021,29.4408563283649
"before",100.922189940856,27.0021939996401
"before",100.664660669427,26.0499828784038
"before",96.224753237755,27.3621728880235
"before",98.7620054777745,26.9216537311224
"before",98.3456062660461,27.4599354811444
"before",94.2420301237609,25.7653449813836
"before",91.4555380450129,25.9719873067248
"before",99.2592836842463,24.7556470249333
"before",99.286498908045,26.9308006042779
"before",99.0014130755165,27.9217060611325
"before",98.3275614278552,25.7771056666933
"before",101.894864715987,27.1564840974925
"before",104.533914946625,28.8150523435623
"before",100.609254170273,26.3929634912685
"before",103.779155681646,26.6806459408825
"before",103.094517997537,29.3087968269582
"before",98.3420544161606,26.2102029651615
"before",99.0878480538328,27.1901005446724
"before",100.073177707542,26.2887758192097
"before",105.894127308725,27.4195709802115
"before",98.9962897847215,26.1587854450748
"before",102.071730958787,28.7850492416984
"before",98.2010029798093,26.5387071862583
"before",104.297132580582,28.2816622246277
"before",101.190849024993,28.5917984903245
"before",98.0930774827534,26.2216013365051
"before",102.332203003602,24.6742787479017
"before",97.3493650996736,25.8265896017757
"before",101.891772755365,28.4814072082074
"before",99.1106837083993,26.5371735780915
"before",104.548632976317,29.4334399137219
"before",103.209885182289,28.2309080449867
"before",97.7426136935945,24.293587824552
"before",98.5846491050012,25.7866128309893
"before",96.2991253853769,26.1656840576547
"before",102.553553974307,26.3203775379328
"before",101.633250610728,26.0500338219363
"before",98.4425133339715,29.147951261997
"before",90.3628131688873,23.0617290159956
"before",98.7578147417802,28.934587219311
"before",102.764811443831,26.8738873150033
"before",96.9141333148212,25.2498301506087
"before",101.658300088224,29.4750305114025
"before",106.517582719269,28.937127688515
"before",100.521286239062,25.8762590620826
"before",102.955945700949,28.6590374444244
"before",99.9320266745514,25.7885110540036
"before",99.7017966264111,27.7308007285811
"before",107.573232472664,29.3760354685167
"before",101.749120978072,27.168535617238
"before",103.627960254233,26.5190515025203
"before",98.4796593451033,25.8590105699908
"before",93.7282257578255,24.8090430601481
"before",98.3173359017564,25.912308425074
"before",100.895403178417,28.5115256825998
"before",101.277734516608,27.6407678810912
"before",99.7552884468898,27.4739719754681
"before",98.0387911760722,25.3465874165102
"before",96.2162630470188,27.2206375911272
"before",98.0587730513229,27.5442712977269
"before",95.9561336725634,25.6473023055806
"before",102.331899920094,27.8105518323864
"before",100.35267779301,27.9426964612354
"before",101.074003939295,26.5315495026598
"before",100.674184474803,25.6938011014582
"before",103.095763199187,29.2744478458038
"before",101.752549627212,25.6284734235787
"before",105.334056620058,27.3121323877131
"before",103.267437267522,27.1852674830164
"before",100.950145957207,27.2254590371776
"before",97.7301565118203,27.4928879486191
"before",101.764101093708,27.829803811613
"before",99.4383540352731,26.4976932156297
"before",101.617243510977,27.8452296540286
"before",104.102142042682,28.7228666626836
"before",100.048287491635,29.0584739886192
"before",98.1484402627716,28.1033649256387
"before",100.958321314681,27.7251727647864
"before",103.271922784235,26.8567202199276
"before",97.4807228894747,25.4308785491899
"before",96.5593576475473,26.5550514408693
"before",97.3284038447417,25.0062192423585
"before",102.79789072566,28.0115274690572
"before",102.787380923401,27.7261940308168
"before",100.425663384762,28.2172081648471
"before",97.7945433551092,26.2794507576133
"before",100.739153175922,29.1598423554795
"before",100.081680147163,26.2281056906929
"before",99.1980077500299,26.9349735980345
"before",95.114481649614,25.9644107120591
"before",101.078730347097,27.3965047549897
"before",102.408381390916,26.6713290003276
"before",100.850125338976,27.4430149915802
"before",101.853970755287,29.4183683088658
"before",99.4050326431951,26.6915061846477
"before",101.441548118737,28.9947520396538
"before",102.212563584873,26.5202624280876
"before",97.1050880854497,28.3646168211766
"before",102.108875070384,26.3189132235801
"before",99.4882925886164,26.5036874615497
"before",99.4409274774208,27.4707627708156
"before",99.2485501611631,26.1290302232413
"before",98.8430103233627,26.9586795041342
"before",99.826733456402,26.9998902675267
"before",102.648307856514,27.8196500978227
"before",102.807566959954,26.8568340253892
"before",100.662900416334,26.7268618586046
"before",101.56007614866,27.4528024411017
"before",104.572510830249,31.7814218991987
"before",101.202074216592,26.8472812996006
"before",103.883835563894,27.2264887024406
"before",105.517039003653,28.9795007414413
"before",100.20602880014,27.896479673289
"before",91.6723029735992,24.3935388837469
"before",99.0975975307971,27.0217831269572
"before",95.1711103231166,25.205453873638
"before",104.641845184169,29.4927068332579
"before",98.880255083124,26.9778852738374
"before",101.049625204381,26.1766183527113
"before",99.7013525177816,25.9061121874252
"before",106.69569313601,29.259349367759
"before",101.127511153093,27.0132780747336
"before",98.1901672118664,26.9120555162171
"before",98.9360147586311,26.5734667338331
"before",95.8909482295053,26.0523305158249
"before",100.82846073351,27.6465556362777
"before",97.7725477316909,25.6065392848122
"before",103.504725399396,28.2048726706865
"before",100.044559058973,28.1440703166874
"before",97.1674782677724,26.6861410727926
"before",101.529143116475,27.731445865557
"before",94.7266788782457,25.4565413193822
"before",99.2304857088512,25.8800456330246
"before",102.025364616085,30.0505579993831
"before",101.9497810409,28.6017483246048
"before",101.0313295074,27.421697309525
"before",99.9155798444682,27.3321609943414
"before",101.116041590293,27.5565075722066
"before",103.720221534109,28.7764556776976
"before",94.5871048517579,24.8804957667282
"before",99.8502862034811,28.5623142812818
"before",101.640253539955,27.612855087157
"before",97.1526580742606,26.2393104770596
"before",97.0726329729188,25.1365023191927
"before",103.655401501716,28.2434911977075
"before",98.8314347362819,26.8978634337018
"before",99.5776840078526,28.5160890172489
"before",98.4183921336529,27.6545564338685
"before",105.870914791342,28.1645951044147
"before",98.2377132993594,25.958730672762
"before",102.486626297624,28.5324751243333
"before",97.8015700288523,27.7603517207465
"before",102.254319959573,28.053467286774
"before",102.317518236915,26.8296055326301
"before",98.5155817127936,25.2447327227836
"before",99.0085919218421,28.2532091175995
"before",93.9754939945995,23.6208101267593
"before",93.1719300068632,25.8874690569099
"before",96.666240942418,25.6493250387934
"before",98.2011266696788,26.741754075527
"before",95.1779024010643,23.9631211223231
"before",99.1314361681868,26.0004618010277
"before",102.616355735977,27.2718686225459
"before",98.1888449066824,25.940936331274
"before",99.8947060596335,26.3178519719746
"before",97.0571647123859,26.6112176763651
"before",97.8290958162811,27.2539233008655
"before",100.715804691101,26.6534171163149
"before",101.668667009526,27.4332397352911
"before",100.967736989998,26.5845054719102
"before",99.4166034747756,26.6073064466644
"before",95.1101243675504,25.2787836320102
"before",102.837785416701,28.2799603054602
"before",106.4206808028,29.8853781553009
"before",100.580255661323,24.5285921816048
"before",100.677761991526,26.1541428136716
"before",100.372074840231,26.6340830493396
"before",100.981770715556,27.3404776926243
"before",101.728325618247,26.6935594927929
"before",102.257762316705,25.3522938325668
"before",100.612054956159,27.926296181733
"before",98.1226782005605,24.7311947779465
"before",102.806242358008,28.9991210708085
"before",102.969907238743,29.0267092801949
"before",99.548834395181,26.1288332242085
"before",95.2062827899383,26.2100385794616
"before",92.5404774004611,25.2147448063555
"before",91.0865620188046,23.1484371646044
"before",97.5010431602575,27.5027871595897
"before",98.7405859443816,29.65823074158
"before",98.5260612986881,26.6136028722278
"before",102.790965471966,27.8649004126614
"before",101.799504012797,27.011100061748
"before",100.860767087947,28.2003036653768
"before",100.561101087915,27.328918660816
"before",95.8447734035798,26.5207208578461
"before",105.518353928095,28.7462515777269
"before",100.844371340265,26.1051562273242
"before",99.8104113741368,25.5037455997813
"before",96.2500835128092,26.6025431961012
"before",94.3731559450552,24.2023481069181
"before",101.199672374858,28.0884046798684
"before",101.547656362044,27.971439683731
"before",100.692043796587,27.9330087299986
"before",108.491180718159,30.1968486564317
"before",97.5712054882023,26.4288679015848
"before",97.6550948726651,26.7349888885078
"before",103.392355190788,28.191255988745
"before",96.0515209015752,28.1223719570069
"before",101.681291502781,27.4176660085464
"before",100.028143836054,27.670007216556
"before",96.1336920540073,24.5777805289363
"before",97.3511939458277,27.7980905302783
"before",102.138885676435,27.2175203399308
"before",103.336727004882,28.4192330696673
"before",103.296008511727,27.1036574423276
"before",104.228855516513,28.9455446863187
"before",98.9707778170247,24.6931009619661
"before",103.713179420755,27.9192375872535
"before",97.7304969560245,26.1224188667835
"before",96.1242598474829,27.3871152501154
"before",103.046200420321,28.6474453612833
"before",97.5892448421021,26.7435261175821
"before",98.4012823268984,25.8245863727738
"before",95.3130251624199,25.5689123798789
"before",97.9017534253049,26.5149725520439
"before",99.8167165663886,26.4833908612438
"before",99.772416236595,26.7895074452023
"before",97.0620767360689,26.6123310523017
"before",98.4159823507736,26.6716693369527
"before",100.628201535473,26.9073547755144
"before",101.655812568883,28.4013330942336
"before",101.342522530173,26.5679991363831
"before",98.427624415614,26.4733471367924
"before",98.6673524607174,27.0444653387596
"before",103.287690563524,28.4102043216977
"before",102.587191260949,30.0670853752294
"before",101.657764813066,26.9697936488664
"before",99.5006167540484,26.7025307940248
"before",100.88571683774,27.4456966051405
"before",96.1806499492444,26.1449160812659
"before",100.669279665384,26.4950181865902
"before",97.4885942268608,26.2127049618347
"before",100.449754441702,26.5786070110643
"before",106.397999004065,29.3189671505455
"before",102.263597696274,28.7346616594492
"before",96.1050118448355,26.338490859273
"before",102.612998401009,26.8933871396307
"before",100.6435328424,26.5585193376874
"before",100.735391260454,27.306533679662
"before",95.5172487745116,25.9809406313752
"before",100.804442740212,29.0140625490819
"before",97.0626959682259,26.4235039403644
"before",100.096776650682,27.9738936026125
"before",101.183347381815,27.8359593106745
"before",100.324617874836,27.3524036373441
"before",101.354752502371,30.0040722284962
"before",101.5076939148,27.2669086101281
"before",103.713724185749,26.1807648402012
"before",103.448046154693,30.3414943190523
"before",100.054694835408,26.269157995703
"before",102.563453985929,28.2292152256029
"before",101.821838590277,28.8885181848383
"before",103.514780322846,27.7895979360753
"before",101.520464494657,27.2885176730778
"before",98.7589270637107,25.9194894234979
"before",100.314537876607,27.7533771392209
"before",94.5921455303648,27.1278689259725
"before",99.3695723684909,28.403272647442
"before",101.215811117179,26.8446189521712
"before",100.00375561027,28.0130047989244
"before",99.0335070935774,26.8979041058203
"before",98.6369266234611,27.6804798340768
"before",99.1881552030569,26.9157500035436
"before",103.872555038416,28.1890483036156
"before",97.0379977241648,25.9710636586715
"before",98.4491013085176,25.5261136085391
"before",98.5415635127521,27.5143885805755
"before",101.649731680052,26.571808711288
"before",101.272669034519,25.6356478484631
"before",100.323791873108,27.2069909049499
"before",103.847797931626,27.80757287734
"before",101.799706905322,27.0440081598028
"before",100.800712834305,27.9223547129209
"before",103.686415973948,27.7595423870091
"before",103.106045896985,28.0565711535363
"before",96.1867156731416,26.286332350864
"before",101.056635962885,26.7872746782491
"before",104.270815160944,27.6577292225564
"before",103.789792063869,26.3043625271014
"before",101.157983960479,26.3255350274118
"before",103.719239035977,28.2482612674818
"before",94.109126367985,26.5061488005661
"before",105.120483011825,29.0143058333504
"before",111.92192997238,30.5405424991294
"before",100.086644949862,27.5384459363654
"before",100.871175715379,28.9880479047318
"before",95.8821005024799,25.99965373145
"before",100.751219421775,27.9356273059839
"before",98.6043906133825,27.0074239576608
"before",104.098242864738,28.6524522084479
"before",98.4047685634741,26.8548436126558
"before",95.0089379325506,25.4223664036412
"before",102.231193865835,26.781985589945
"before",97.6009350439253,26.6836516802646
"before",96.4360466152846,25.6082893724515
"before",102.335403472449,26.3359731843948
"before",97.4711103591297,27.5640283582269
"before",99.1380740350669,24.8789074826521
"before",97.1706852231774,26.5820518500292
"before",95.8369026515887,25.6451398068318
"before",100.077053210065,25.4364183270708
"before",98.0786782133368,27.3962329561044
"before",100.775271325096,25.7484543375817
"before",92.9436680632849,25.4788908182579
"before",98.2962000784766,26.924759621633
"before",97.13234572828,25.6794994355827
"before",97.666424763586,25.9288651417211
"before",100.671306595988,26.2533669704648
"before",93.6402752570976,24.6749196714583
"before",98.5582608237477,28.407580382656
"before",102.037891906202,27.8664419630929
"before",104.624900456028,31.1334149377037
"before",96.7697591813334,25.8903907479288
"before",94.8830103920682,24.2384848059013
"before",98.510899326327,26.9581600406453
"before",107.440970274211,28.8661451545264
"before",95.7214686291922,24.9301761583303
"before",102.206205339903,28.5065900930489
"before",99.8391342561138,27.9407000147956
"before",102.066938986372,26.4891386901785
"before",103.278242354675,26.5694549351001
"before",100.719014580318,26.8052864418107
"before",94.766301323584,25.4495735260592
"before",98.1220992542029,26.3156353137346
"before",100.37136382859,28.5385219455269
"before",97.3848119125231,27.5975775698264
"before",107.283873111543,28.9447681926814
"before",98.7188074364639,26.4715347661393
"before",104.729024647457,27.979648430615
"before",99.7887957046607,26.8837811104542
"before",99.7293993558137,26.6996547602745
"before",103.197925958305,26.2077380139986
"before",95.5795919996684,25.6675784167894
"before",102.105691805209,28.9417190935842
"before",101.407941505993,27.4463205158203
"before",100.671206982815,29.6645801094878
"before",98.7450571095504,26.012248718587
"before",103.619044950073,28.6515037388077
"before",99.8770521413733,27.8485434133146
"before",96.6054112270551,26.3980494387437
"before",103.589634718851,27.8898335717488
"before",102.496685865577,28.1546879400884
"before",98.087630094418,26.245531874074
"before",102.60914066927,27.0229366935851
"before",102.844810157517,27.516353031296
"before",102.976707925994,28.14185465332
"before",100.52162459238,26.8067643625522
"before",102.867066464037,27.6951129467773
"before",104.362210174222,28.3973152346949
"before",101.914266257989,27.0329451200836
"before",102.279913346898,28.2809256416716
"before",101.662215424654,25.8239132772833
"before",104.862408133757,28.7508743866655
"before",97.9849628621762,25.3431767348118
"before",101.934279041687,27.817685137369
"before",102.436450092651,28.0043960511702
"before",102.42462794197,27.9048450905773
"before",102.29238563051,27.0006026602292
"before",99.3674027233185,28.4488271030187
"before",98.6810038922322,28.5470764074303
"before",99.2781983266214,25.0320723824763
"before",100.034642329631,27.1291336339303
"before",97.4008152798992,26.2125074599349
"before",100.530547637657,26.7906130269268
"before",103.03554295288,27.2416962250772
"before",104.95206526818,28.1184055245139
"before",99.0281916326627,26.5306521584905
"before",95.0401378755312,24.7846484912235
"before",105.260088957391,28.0044903000627
"before",100.56521083695,26.9289644389238
"before",95.2770528759817,24.4640724073537
"before",96.8657837896073,24.389970065084
"before",101.500190815397,27.2870587456937
"before",100.136148599572,25.8912977807501
"before",94.5719646021361,23.0867949705076
"before",104.054935700947,29.1740218899111
"before",103.538616815983,27.1294250265945
"before",102.100515146556,29.5649459117711
"before",96.7973254988255,23.7725930956469
"before",100.645312871649,26.2194739215301
"before",103.288135205646,27.086887268263
"before",95.9200459258801,25.9396133671152
"before",100.369820300913,28.0036277878946
"before",94.2670591403681,25.0233715623562
"before",98.3938658169217,27.3105394951167
"before",99.6347866088506,28.9121887858769
"before",97.316901929077,26.9210803493143
"before",99.8334703696313,26.9267689766672
"before",102.332865979455,27.7898448368798
"before",98.4444333680769,26.4579863016763
"before",101.052380821965,26.4529231863465
"before",94.8102690682265,25.6130539927015
"before",101.185157564067,25.5380053183592
"before",96.5639175641881,24.8172477893851
"before",99.2990885990902,28.5256102695938
"before",97.2962343402855,25.6130312189866
"before",100.689879770356,28.4201194931521
"before",105.26410099098,29.2628119528782
"before",98.7552483105758,28.4428316492264
"before",97.208659274302,26.6263804550078
"before",100.896188929032,27.3987203922449
"before",100.715348182158,25.7176738036643
"before",98.1182848245194,24.3864752970219
"before",102.243603980536,29.3996556187347
"before",101.221122986657,25.9800956317283
"before",97.3094318690868,28.6104594546142
"before",98.1588578599141,26.1784085580893
"before",100.043950823095,27.6913442799205
"before",98.1884632781634,25.9483506011625
"before",99.4054287855824,26.7232928975539
"before",97.4879627363227,27.5014852184952
"before",98.3185648910426,25.6732273044171
"before",97.1074298552593,25.0213349573593
"before",96.4587358723353,24.585198829508
"before",103.43578559087,28.8257637256576
"before",96.6498683542607,25.1722202274397
"before",103.506642490576,27.1923908060929
"before",98.763942839772,27.2317919530163
"before",99.4487999234292,25.7504119832979
"before",102.593944789815,28.3900825551639
"before",105.927919069069,30.0389022298353
"before",97.8858892793339,26.8266003628609
"before",94.6901452774632,24.4716990224268
"before",104.315295140928,26.5916022206683
"before",101.178088828488,28.633862222135
"before",98.7024179692116,26.6360093364337
"before",103.189568682731,27.8836592927361
"before",103.451398100783,29.2180864589389
"before",94.4215015948601,25.7998490403613
"before",97.1360057266377,25.803435131575
"before",98.3983176043237,23.7610275451781
"before",97.2761665226352,25.5091167456093
"before",98.3651338841061,26.857098538531
"before",104.98795019884,27.8474759310185
"before",98.2897624483566,25.3990089629833
"before",102.878830986233,28.0873948208956
"before",101.756018890113,28.5689301714695
"before",97.0796109378336,24.5636098826087
"before",101.239997370584,26.6928604907433
"before",99.8113091446722,26.8124541808874
"before",103.684346653586,28.4346026358631
"before",103.027891203023,27.0530782825691
"before",94.7901522666178,23.8059837458412
"before",94.9294973770863,28.5412078965871
"before",97.3867243127412,28.2797949951108
"before",98.4757157170082,28.2630159950578
"before",98.5913950897655,27.5025657309061
"before",97.8714799910811,24.6105294846331
"before",104.921539752334,29.7067884582879
"before",97.719469695257,27.0038777160459
"before",101.943853155629,26.4322373828006
"before",97.3356435251592,24.8924161171178
"before",102.913767052524,26.0128287361179
"before",106.757711856414,28.4041179319934
"before",96.5726427989852,25.9568035662997
"before",105.660160675161,27.063543829075
"before",96.3107028865936,25.4859481457962
"before",96.7587960423346,25.9597488580678
"before",91.3210734053782,24.2155144753529
"before",98.396590228003,25.5889695863834
"before",100.245508737125,27.1495495129166
"before",102.461802882864,28.8401217309528
"before",99.0863141002529,27.0503484960597
"before",104.180278916647,28.5216501199536
"before",99.2370522376909,27.2907723195634
"before",95.8748101418086,27.0377322653305
"before",104.132714188672,28.8262847275206
"before",96.2207862998226,26.6988486986952
"before",101.209261535847,26.4755161045156
"before",102.786291699197,27.1306639349832
"before",101.880285760758,29.2368171705406
"before",101.40205879036,28.4527974205341
"before",107.818670074013,30.0457738775891
"before",98.2913670532554,25.2474317760715
"before",103.87124557888,28.237154414251
"before",94.8788878112715,25.9548319208142
"before",98.6620909694749,28.2164089467008
"before",98.1784190154564,27.4562012691062
"before",99.4799520231593,26.5359860935552
"before",96.7203870146324,26.4751765674114
"before",101.686743396167,28.1774532158903
"before",96.9366243356946,24.857019999962
"before",101.263785504962,28.5504654056751
"before",99.8956286811473,26.2264451293475
"before",101.759492407557,25.7499432911386
"before",102.151657860887,26.6637155364023
"before",105.808364927101,29.6275628170844
"before",100.620978324235,25.4018913206547
"before",102.524569022081,25.2311072909307
"before",101.398318064482,26.1754486043063
"before",103.673571863939,26.3564222637722
"before",98.6842643017323,26.1491853212596
"before",99.6821628936383,27.6986231838641
"before",98.8677439868132,24.8046438984027
"before",103.500536983959,28.2222616225133
"before",92.7185388012333,25.2554088985641
"before",94.3352855804067,24.063615371713
"before",103.780654371136,28.132457374479
"before",99.0686067927853,27.606483014342
"before",103.958532818089,27.0389505179993
"before",98.2344468286488,27.9177450200694
"before",101.028852615698,29.5507658390198
"before",102.760415854502,28.3105421787961
"before",96.8788797836576,25.9192730655285
"before",93.7981751357982,24.6618345999663
"before",101.298854966102,27.4658101426311
"before",102.026592915989,28.4539843684265
"before",105.051641056677,28.7031695006548
"before",96.6390156171367,27.4378102375324
"before",102.132895486451,27.6005885052236
"before",101.791944421568,27.6268064974134
"before",101.875523496834,26.4737597032764
"before",96.1010458026982,27.1797733468076
"before",97.5490792797962,27.5013904111985
"before",101.900896719006,27.9974213994069
"before",103.419593572517,29.3720369385631
"before",100.425076415342,27.497561059454
"before",102.926394633299,27.5188653564702
"before",98.7223689048926,28.4542008899109
"before",98.5272547000267,27.258444024206
"before",106.535289198845,29.6877827738213
"before",99.9882151794637,26.8644656034534
"before",97.7325292969927,25.8289247204479
"before",101.981674466838,26.7531209841422
"before",103.877749313265,27.5011507908036
"before",99.9610075014814,26.6148957152175
"before",97.8717126140317,26.8348740278277
"before",104.626324006465,28.5143456368825
"before",97.2087560149313,23.9240456416112
"before",102.681312941552,25.6001539634503
"before",105.914233937813,27.6616389169098
"before",108.245163861314,30.2878837930856
"before",101.542843501359,26.8242369049483
"before",97.3630799110686,26.5777856885555
"before",98.9355346904949,26.3094421689399
"before",99.6331412710358,29.0668990992604
"before",98.5218845913879,25.7248343562594
"before",97.3354930256282,24.7075854705188
"before",97.6161749618654,26.0610376522228
"before",105.839065300406,29.4315702403006
"before",98.152048007954,27.1786045390057
"before",97.7033653380967,25.8463509089322
"before",99.9474616069575,25.2478170088837
"before",100.661372327478,27.2869932910226
"before",98.5518523424801,26.8832264959788
"before",98.8405122940709,26.6492026586516
"before",93.8525056569316,24.3839927647176
"before",97.0774164197263,25.2432080916713
"before",100.012873280493,26.5979502541351
"before",105.033355257281,28.3182261838475
"before",101.431357186981,26.3335361008085
"before",95.3515250047449,25.7269779123664
"before",102.882907784049,27.5891902153554
"before",94.3956874490833,25.5858340684734
"before",106.202811437426,29.7719023370697
"before",97.8770850817765,25.9689748835253
"before",99.1997585675038,26.8464891474691
"before",98.8935309168914,26.7417394446701
"before",103.577524668429,28.4446561684185
"before",101.968528553889,26.7576935226784
"before",100.180428941307,27.5064856260629
"before",100.376424467489,28.2436086980868
"before",96.8783857391329,25.6510194661946
"before",102.287482498945,27.4680896160507
"before",97.1578087443134,27.8773335543699
"before",100.100552296226,27.5621208286398
"before",103.691058760418,27.5802132567899
"before",99.0932203457852,27.1953408182999
"before",94.6782789511313,25.6774778049199
"before",101.724713834036,28.5087400553748
"before",102.128776138907,28.6690902449487
"before",98.3885546402288,25.2797948229036
"before",100.748046533649,29.1062256216493
"before",101.199196373022,27.4584531105053
"before",101.831880319672,27.889045748372
"before",103.028372307746,31.304992665602
"before",100.453885706754,27.0948299518253
"before",98.0596177201867,26.8266302340859
"before",102.927075862639,27.9863157420809
"before",100.118043447442,25.6974026258031
"before",104.164741037843,28.8261818647472
"before",97.2410949871909,24.61683048224
"before",103.162746090903,28.2298376135442
"before",100.303029210082,26.4044010110764
"before",96.192738987608,24.3186997619246
"before",100.63343295768,26.4834212071518
"before",102.637573945874,28.8394111866722
"before",96.8415097709324,25.5673658743629
"before",100.982073102879,27.6504905667917
"before",104.373557143103,26.9813162729855
"before",98.3930974575635,27.0358815040487
"before",100.51717299574,26.0846147535435
"before",100.604402836185,26.4189452653682
"before",103.726290581297,28.7121154685388
"before",102.022437935461,26.9033776744707
"before",104.709993876151,26.4375862029032
"before",96.4010247133396,26.8167806235818
"before",98.7412849433487,26.0638689485185
"before",103.110227085078,26.3175516529411
"before",101.606847781333,27.8958057530867
"before",101.911860617832,26.2167576820068
"before",95.2960187742473,24.7588729368297
"before",101.249261830265,28.0237515476918
"before",101.040530968373,28.5641287687063
"before",96.3206619423978,26.3088705594396
"before",96.8532509177601,26.0314339065873
"before",102.760877164547,28.4736285368573
"before",98.8390197945211,28.1763243034483
"before",97.2864087413979,25.3436522578294
"before",97.8447576564293,25.6839764445433
"before",99.830843066353,27.0071880515026
"before",100.096998344328,26.28232126763
"before",96.0306213353996,25.319209516393
"before",99.7041824629344,25.1992772531816
"before",98.1690600960608,27.2986514194714
"before",98.0885584864978,26.9639719289253
"before",99.2683190249473,28.8443072242008
"before",96.7858731388136,23.9476333147586
"before",104.91896841314,28.4768114346708
"before",100.978845806653,27.9362846391443
"before",96.4930787086882,22.7505148935869
"before",97.0553032027938,27.1926583413698
"before",96.0466103322018,24.0850488785059
"before",100.098557456035,26.2169383011446
"before",99.9385750015347,27.2164277189156
"before",95.1109155110947,24.7415263751998
"before",102.403523280021,27.3769926164207
"before",101.302436928369,26.5603413325195
"before",94.3975269987437,24.7337554011267
"before",98.4506132075429,25.3216037170868
"before",97.9566515275685,26.6476919396115
"before",98.3378606473937,27.1773758967623
"before",104.926381586991,28.3252749389714
"before",96.4870584962608,26.9747025874362
"before",98.0613785459266,25.0475862995029
"before",103.325505292769,29.086944366768
"before",99.7577967421203,25.4999465854834
"before",97.4700651583407,26.7058194336352
"before",103.87921441655,29.0573749849829
"before",99.1746656507103,26.6073780716391
"before",105.284002856792,27.6909761847581
"before",105.028119008048,29.1288710893839
"before",101.63627168449,27.0602648608376
"before",99.451832788964,24.882603600207
"before",95.7357441679461,24.3224761472955
"before",100.895425053476,28.2871223652202
"before",102.399458967134,28.1498640306686
"before",98.2598574356121,27.3700290378325
"before",98.8337125516444,26.4566305788802
"before",103.237921393578,29.0447944013293
"before",101.776039216366,26.433531943231
"before",96.5201974444321,24.8911027113145
"before",99.368869686059,27.2524686916961
"before",101.994737635729,27.7991116151147
"before",100.01511295249,27.1605926050837
"before",101.426077434625,27.4247599399212
"before",104.866668828373,29.836020004211
"before",99.5461039252147,27.8283760042407
"before",98.6197020633826,25.725446076557
"before",97.8657416522991,27.4770079317467
"before",97.6094163276064,26.9708365013911
"before",101.168971468446,27.1088374453584
"before",98.7883435622037,29.1562054427838
"before",98.1645501011368,26.1329262592198
"before",101.905114916123,29.2264553366542
"before",100.696615327945,27.2238982257158
"before",99.8799068107181,25.966451157357
"before",100.251747736666,25.5771276985807
"before",97.7689069074895,28.0604640622273
"before",99.1768169709683,26.3267489067646
"before",98.0359981297651,26.8353022267088
"before",94.7634977458684,25.3059482780897
"before",103.870946809894,28.4198369427564
"before",102.307876311245,27.3236245720948
"before",99.5658858840984,28.0640959114036
"before",99.1056853831605,24.7597749682043
"before",101.150582379176,28.2147620990037
"before",95.6407886428992,26.8163571745495
"before",98.4071367213617,25.4622115139581
"before",106.421859742311,28.1168271425734
"before",97.594821781157,26.5265932740853
"before",96.6724306335509,25.8711573968008
"before",96.4824743097905,25.9890966122373
"before",97.3630987538845,26.5224915644366
"before",103.466237780403,28.0627037705333
"before",100.721355838702,27.0094606393519
"before",97.0056207501745,23.6827705099386
"before",100.952159935778,26.8041433503954
"before",102.258346506287,27.0779590309629
"before",95.6730138897311,24.4075681460592
"before",105.279941798087,28.7186733234936
"before",101.306847144781,28.3461393488656
"before",96.2678188884712,23.4182036202947
"before",97.7437915638123,27.3579433797108
"before",104.004386410422,27.491249817869
"before",96.7909177586303,26.5718449389013
"before",98.3435223245841,27.3292245663408
"before",101.133967848684,27.4157941800003
"before",98.2129384997857,26.7660483254602
"before",99.8618963551191,26.5610349637758
"before",98.991553614529,27.0348003654373
"before",95.3952556384412,24.5753901759851
"before",97.5208484163698,26.7362168193929
"before",103.904786306497,28.5336696079623
"before",100.210467786192,28.0902050131392
"before",101.439544715501,28.4890099245212
"before",101.289642089756,28.1543648604886
"before",106.262161279959,30.390921497902
"before",100.565113583955,27.3194536412584
"before",102.226347085253,28.2550511906558
"before",100.484043657049,26.5101646777454
"before",102.210989467309,29.5139948607367
"before",98.3741492727562,23.1496754675892
"before",100.812541809536,26.283700195504
"before",97.3357964776348,26.5878283524171
"before",99.5855387387642,28.0111639696905
"before",105.050921916143,28.629825821737
"after",95.6867855603583,20.8739784161966
"after",89.0608138152384,19.2366011340234
"after",94.5302356566187,21.1140560210379
"after",97.0540694374513,20.7916995346416
"after",89.9003040993476,18.47344001464
"after",90.1045470964328,21.6568419662622
"after",91.9070325134276,20.8499366516212
"after",93.7332598604234,18.8335414185535
"after",95.7572837105864,22.3578522032699
"after",95.6331028342606,22.0823711337911
"after",90.6021566865615,20.8096765751143
"after",92.5337424388584,20.0319412235825
"after",100.096238576988,22.317180597307
"after",91.0546500589493,19.175943557381
"after",91.4279832634848,21.9143982451073
"after",94.5767831696361,20.1689973277153
"after",91.2338425620752,19.1835240872822
"after",88.7952704521525,18.7253582697833
"after",93.6194701057831,18.5502137809122
"after",91.55736451024,19.0753043088218
"after",95.3412780726247,21.6203728685329
"after",90.6053548585148,19.8380547428537
"after",90.1096281362427,18.1309076836661
"after",89.2731178688731,17.2055989758478
"after",97.8268563036672,21.5242304837555
"after",97.6890180349014,20.8568742012717
"after",92.748130577381,21.6152366466552
"after",95.6926904673527,21.7099685877786
"after",92.3252008519268,22.4692239120272
"after",95.0086609208626,23.4667583896263
"after",96.5840313028523,19.754147193446
"after",92.5251617292191,20.5147487165991
"after",93.7024887104306,20.3450739751841
"after",93.9425081309471,22.1709420780356
"after",94.7127069724516,20.667665302941
"after",89.6290299770294,19.4314273189404
"after",90.0289109694185,19.2206612291572
"after",94.4900457733798,20.8801657210458
"after",93.7504345719467,20.0898301499042
"after",93.8376801517133,18.3765799570118
"after",89.7607919285656,20.0233674004734
"after",93.908970144426,19.9475019613074
"after",91.7044749410248,18.7208178225151
"after",98.8238885819433,20.0432191055262
"after",94.230083503304,20.6683148818699
"after",92.6590572533292,19.8333430902214
"after",92.0718468690345,17.7934520858598
"after",92.117321196375,18.9444982067688
"after",93.6641982594882,19.6848972384432
"after",92.6511272361185,19.752138429246
"after",96.5465260579767,21.3982470436195
"after",88.1219265815265,17.0575707179829
"after",94.1819446026824,21.6569553877442
"after",91.6568743272865,20.1764315157807
"after",97.0937646572629,21.2532109671488
"after",93.7206877684407,18.6396960311352
"after",97.0303776258406,22.9700927344549
"after",93.0814652592836,18.8812518843246
"after",90.3947756599964,17.9671539525707
"after",94.644239246851,19.7645975813367
"after",97.0380915450156,21.6153988201607
"after",93.4699035366444,19.1000097822837
"after",97.276037851768,22.3297917526811
"after",94.2725983686349,18.1829256593736
"after",92.8685087454763,20.7089974719887
"after",91.6277093807194,18.9714825096399
"after",93.4971640742189,21.4973949491085
"after",89.0925590942481,17.28248487115
"after",95.1151431270038,20.9333204441524
"after",96.7029526932729,21.439293801398
"after",88.0537392144822,17.6083816901278
"after",98.7241091978327,21.0915103510107
"after",92.6519805682833,20.6113343481178
"after",93.8452646010958,20.2220113164931
"after",98.7688896819654,24.7351603737572
"after",91.5315782037205,21.2458675831515
"after",94.0737005469814,19.8574048167874
"after",92.7332785119473,21.4800916699484
"after",96.2027304337644,22.6382329622076
"after",97.609123539936,21.7861315013364
"after",83.5131199828577,17.6271177900681
"after",86.4088273720837,19.2490303156085
"after",95.8217282984524,21.1439910291097
"after",96.3198477113629,22.1169027460722
"after",93.5777659468541,20.4462590191415
"after",97.6075693045115,20.8339754004079
"after",90.3245086735648,16.853824833848
"after",91.543020834245,19.9243637972262
"after",93.0433577732368,21.305637042187
"after",84.4250917648185,16.64604416795
"after",93.1006228488983,21.0797291833454
"after",91.1464238789938,20.0856158612923
"after",88.9607225571862,17.6949576466795
"after",85.071867845555,17.7134892819178
"after",93.339438107249,19.9011738247749
"after",91.6796097664195,19.9202076142034
"after",83.0588774908098,18.0694888783436
"after",94.7111456032123,18.6855863344888
"after",91.9293568585356,19.8294205476923
"after",90.3911955885662,18.7522680529152
"after",92.1504859081258,20.5628576269077
"after",87.2744940098096,16.9003457436495
"after",90.9802384755125,18.6989567575678
"after",91.7912338464903,18.6897138401018
"after",96.1457461472272,20.2166635615623
"after",93.6244833249153,19.6200041051278
"after",96.3176794697731,20.1213750634264
"after",96.1825907246313,21.0488918749667
"after",97.2711280004389,22.0534756037943
"after",94.3784641906948,19.7807726239195
"after",96.3182801992655,22.1873963048621
"after",92.9039982030451,20.4503615206532
"after",96.7582221210286,21.4938241496801
"after",93.3812612107284,19.4416594317936
"after",98.9659866030452,23.5522632803141
"after",92.9410015527046,21.5269758408828
"after",95.7702886048716,21.5728201817908
"after",99.3996460419351,22.6461657765652
"after",92.824336473597,20.3681986492058
"after",94.2593354825465,21.0694194593967
"after",92.6202263280854,18.7084039936717
"after",92.7081123307543,19.3590605638403
"after",87.9474002432822,18.4678425130469
"after",90.7688350398829,19.4081172367862
"after",87.2001969343541,19.7539208167038
"after",94.8362314792544,20.305561897334
"after",97.0926521383263,19.2673685204337
"after",96.0121297992996,21.8448343779541
"after",89.1448819019675,19.4961740680453
"after",97.548925519715,23.2210804231909
"after",87.5970473562889,18.0737431744234
"after",95.0129661621548,20.1598207357744
"after",90.0796887086761,20.6447383783745
"after",99.0882276937864,22.2292715587944
"after",96.1691465105043,20.8485004484233
"after",93.4343414990496,19.4185985928866
"after",94.2748738644281,21.3708977912809
"after",89.8636309713509,19.4720496761244
"after",96.2250132081972,22.5168450171055
"after",89.7806417327795,20.6073620281484
"after",88.7353202351096,19.043037525261
"after",89.74415204403,18.3453836035293
"after",89.2826861640616,19.5111486836622
"after",95.8048838281165,19.6276388925378
"after",90.8377222198806,18.7529905028788
"after",95.3099467543637,20.9961741331429
"after",93.8635423546104,22.1750995373598
"after",96.3046155914934,19.3648652506572
"after",87.7947567843841,18.5067992348776
"after",97.4395983316781,21.092896212793
"after",99.587037101667,22.0389982088748
"after",90.087409987266,19.5424136647202
"after",89.1010366940961,18.1450368834264
"after",86.7621050334527,18.741304912069
"after",96.4172835023146,20.3107345356029
"after",94.680786993589,22.01178738058
"after",93.9122239515119,19.5282025325879
"after",92.0804404259635,20.4037156516854
"after",93.9775087562301,20.7809806537055
"after",91.5681348140075,17.5972700675032
"after",89.6619203829855,20.0325730053008
"after",93.6390933179982,20.80246133261
"after",95.4418904442864,19.1292113334495
"after",87.934000297285,17.3308236167405
"after",86.5927207324516,17.9136421924239
"after",97.6301731245624,21.6914172416505
"after",94.537421353225,21.2751791166553
"after",89.9451570655711,18.1373583752768
"after",97.2732467306353,20.2176194006346
"after",92.5485383267306,21.0134397004233
"after",93.2925836948965,18.5533896080541
"after",93.6828092062247,20.068384472509
"after",92.9926924433463,18.8794952711415
"after",95.5777186411985,21.8072033340329
"after",96.2861363766143,20.1105650038499
"after",90.4950746038882,19.9219067138997
"after",97.9158409041638,21.1349941115453
"after",90.705000740866,20.2745562113293
"after",93.4677137662005,18.7593773439073
"after",93.2392541937097,18.9548829528082
"after",88.7695207221193,19.9114629279279
"after",95.4157041036458,21.7208745344997
"after",94.741337890009,20.1403434857683
"after",91.2974695914542,20.9343261801453
"after",89.1312391931003,18.6521714648925
"after",90.6790242682685,16.9843465073959
"after",95.3320414533086,20.4423402147657
"after",95.6438207092449,20.7566173730326
"after",96.3519377783409,20.5408814989903
"after",90.3803313410613,19.4549090154311
"after",97.092956087571,20.9225575935938
"after",92.0928522917876,22.0753979265807
"after",89.0391644056947,17.6974183836101
"after",95.6366886297794,20.394639020544
"after",92.4009936560671,18.222663136369
"after",94.3096069904623,20.2385290875742
"after",93.9843502858418,20.4466564256839
"after",90.110252953587,16.6212281184439
"after",94.1811103075208,17.9173627013384
"after",92.9743360488349,22.7822256895891
"after",97.509875557585,20.7278610703958
"after",98.2188098033101,19.9528843041168
"after",95.7013645263821,19.0076797652588
"after",96.8137147753179,22.0764598868967
"after",98.129951354352,20.4717415638394
"after",92.8211214271128,21.7688035832219
"after",92.70437537849,17.7257732251834
"after",91.984259398189,19.9995540203212
"after",99.7027536520198,21.5330673132588
"after",95.3577945461339,20.3933494406518
"after",92.2785054199662,22.2249631454734
"after",93.2463078219758,20.2178035864667
"after",94.6974183777886,21.298729097154
"after",95.29995237744,20.3857056187485
"after",100.429179587547,20.354445159371
"after",91.236816519396,20.8880127958937
"after",91.801100551407,19.079370937541
"after",98.9856252396766,20.1463742069888
"after",91.1917692102157,18.8851430333695
"after",91.9970212477333,18.4350292239368
"after",95.3875624775021,23.4991623504312
"after",91.0338143535875,18.3150446615989
"after",87.5156169983192,18.1456853913206
"after",92.4705769948416,20.9954003234101
"after",92.4787150819003,21.38649303317
"after",94.4032241438244,19.2578247480064
"after",95.47604814964,19.9904451173683
"after",94.4123721853962,21.5693224045797
"after",94.54425328945,20.7083257706912
"after",95.5895641032169,21.3620546821618
"after",94.2075309824908,20.2567751690421
"after",94.0747509085543,21.4136085624786
"after",92.6996243688129,20.4100808850439
"after",92.116664350318,18.0507515404916
"after",93.5627491076752,19.23292340288
"after",93.3377477550023,19.6984583192915
"after",91.1216423490013,19.3403916870861
"after",94.7555037402808,20.224831195986
"after",90.2828289557881,19.1346792817949
"after",92.5914796792122,21.4292426090132
"after",92.6028152232864,19.330502368943
"after",90.7693674490666,19.0891415701772
"after",93.534688527712,20.4516935517483
"after",90.5971140217042,17.741806582701
"after",88.0127634433538,16.9437572437423
"after",92.6569795862151,19.871296235968
"after",91.7773278022489,21.0600614834527
"after",95.7867203418993,21.1999497906584
"after",92.3820647941008,19.9443957903097
"after",96.5167142631685,21.3528171404847
"after",86.8845601350211,18.4259242753695
"after",95.5080226672422,20.6726500248913
"after",87.4009430263227,19.1206383278964
"after",92.4074062660796,20.3628024699655
"after",94.289950687165,20.7984877046836
"after",95.7323440321275,21.1017062957491
"after",91.3921197365104,18.2401283327923
"after",94.6108554423438,19.791132935047
"after",94.3688253206405,20.3115387769851
"after",97.9733271100214,21.3859628398463
"after",101.605309389812,23.4553158383458
"after",92.0115610730949,21.0702198130287
"after",86.1732581673763,16.7663360314275
"after",89.7991056804044,17.5447390398217
"after",95.3994764383058,20.2917682135933
"after",90.5681333944734,18.7279313945109
"after",92.9454077522008,19.7136167425666
"after",88.8688476268516,20.0259080182994
"after",91.4327073970115,19.2331877615884
"after",90.2759817070505,19.5378071080447
"after",95.3279483265567,19.4185521203643
"after",92.3836818225972,20.6401326652254
"after",91.8167697711124,17.7502884666922
"after",93.616906216529,18.5453497540478
"after",91.8589947178422,19.3163473196756
"after",91.4574662578934,19.519293254881
"after",89.027434833552,19.0876772617591
"after",91.9779134484615,19.7508191331085
"after",94.921131011233,21.7960321926188
"after",90.2953710321364,19.3896302909879
"after",92.8298855715064,21.5723431634007
"after",86.5748236147252,17.8260513004325
"after",98.992297987131,22.0860636073966
"after",95.7943711339085,20.1479411851534
"after",94.757853219793,19.870757062877
"after",94.5044536108501,20.7275272263012
"after",98.8213609147218,22.4713467892142
"after",92.236811707352,17.8768677359662
"after",87.8097636903371,19.3859159484314
"after",90.7840381765692,21.9771601782462
"after",93.3756394092576,19.6757684076361
"after",93.9654771992186,19.9463367337677
"after",92.7654096326547,20.9431171654855
"after",93.4785113074717,18.4579506629664
"after",95.172298863208,22.6493547865767
"after",94.4699545981024,19.6398011686695
"after",85.3306354193388,16.2531946112309
"after",87.0984772379274,19.9428879930573
"after",91.4114288051249,19.8239345643602
"after",93.0696066045085,20.3284257188176
"after",94.1725712938621,19.3066872199819
"after",96.2835948425229,21.2468913317217
"after",95.328134012776,20.554388692167
"after",96.3732182611555,20.7997082171547
"after",93.8417744504069,19.6155233204819
"after",93.6905936248952,19.0305991710472
"after",91.7439567479954,17.6041264340499
"after",91.381089646159,19.8722514773482
"after",96.0768460115243,20.8892680480251
"after",94.3959865841943,19.1045583502434
"after",90.2943109494111,17.7629713065804
"after",89.8445980234522,19.1312383756076
"after",93.1703272332069,20.1187724015842
"after",96.908231635622,21.3033981064848
"after",99.0764911833574,22.2320078997026
"after",95.9986298105168,22.0614520798449
"after",93.9612606878608,19.8214194898664
"after",94.8137394044446,22.7081791420131
"after",99.2259675171507,20.1475605852597
"after",89.4579606474697,19.6322623379893
"after",95.226724100545,19.9167051448498
"after",94.9646110652428,18.9385510554884
"after",93.5487294069279,20.3297155442103
"after",90.2873562872938,18.469882086968
"after",90.538021399103,20.0284872575479
"after",92.5129038853237,20.565567953639
"after",96.4438506853228,20.7880882864357
"after",99.144755343686,24.3323945584888
"after",93.2065846779547,21.122391069597
"after",93.4420915673573,19.7905578423037
"after",96.4840894520202,21.7703562527765
"after",95.9717676781329,20.8322326974983
"after",89.607608875224,17.1282227658134
"after",93.7705741840215,20.9403233409618
"after",93.2460300270764,19.6067847921079
"after",93.1371709268503,20.1931975929536
"after",97.6913543224762,20.9126561988694
"after",91.9972525663124,19.2179428842785
"after",95.159082136133,20.835354955713
"after",90.9175372968525,20.0057200183647
"after",94.8223350582698,20.9014421027757
"after",91.2017285793698,17.8562940649754
"after",95.9441519311291,20.4206394734642
"after",94.406481047415,22.9047224847656
"after",92.4062674093154,21.901008718917
"after",92.7142126633275,19.1636276558317
"after",92.6737784583895,19.8194420882618
"after",92.6112936157659,20.3613299909355
"after",93.3900672168535,18.9264632166618
"after",92.0287355782915,19.5836114792923
"after",94.788954590004,20.1420731832501
"after",96.4207651582022,19.3939528417768
"after",97.7882487930758,21.5084739660539
"after",95.3197264010156,21.0603445621931
"after",94.9456667911952,20.1351336040717
"after",96.4462537673901,21.2419501420144
"after",97.0324328916578,21.524817640121
"after",90.935855069315,19.8099965781227
"after",86.2575047651729,15.9994601587672
"after",88.8510194496436,19.2673881377623
"after",94.7376157457197,20.1215775710784
"after",95.2772238271794,21.3245406929685
"after",89.6506480151858,20.0141333759505
"after",98.4992865107757,22.0078030659135
"after",94.1026146532185,19.7706683307292
"after",94.4237163452128,20.3077150082423
"after",88.8254711589995,19.0348036655137
"after",87.708640489937,18.3863990229671
"after",90.701059330677,18.4515188452744
"after",94.1878158326339,19.3231072712088
"after",92.8905077045683,18.049487152943
"after",94.4414814697078,19.6641463206423
"after",92.5401257964673,19.7235861665396
"after",94.7672075054772,20.9428612326086
"after",91.6965275436054,17.240102671805
"after",92.3338820029239,21.3610332494893
"after",93.9733476507913,21.0528132051624
"after",96.782214702369,21.5893880626268
"after",88.3001019435737,17.5538461883701
"after",96.3433075212925,19.7782996360277
"after",94.7636418624312,18.1909490081159
"after",96.6677599511313,20.3503194642571
"after",95.5533135015642,21.8573924184915
"after",97.1998908177998,19.6635176944488
"after",97.8920964638797,21.9192842421052
"after",92.5925104177119,21.5966113865955
"after",94.1654156075393,21.4587969585952
"after",90.4931868206165,20.6055878524114
"after",85.3008403380109,19.1079399722415
"after",93.3137543360584,20.4440232023922
"after",95.0173702947648,20.7062462809982
"after",88.6560839707918,18.9647393320413
"after",95.8553203733073,19.3847276119817
"after",92.0927460288915,19.8398158617886
"after",85.0086054374184,19.7681450545268
"after",96.2591589130255,20.5940368722136
"after",93.8582538779551,19.877219302421
"after",91.085378541174,18.0009806346455
"after",94.0291488917601,20.4735263969872
"after",95.0820861018145,21.7690383686675
"after",89.6617681989917,18.2419245302683
"after",96.3771196830048,21.626676288909
"after",84.6957190332687,18.4701132186988
"after",101.062163414467,21.9265376744441
"after",97.5106930337258,21.3751541306493
"after",95.7829180444985,21.8259870522702
"after",90.5754000401563,18.6773355157777
"after",90.9732934520912,20.1594956225398
"after",95.4910534101393,21.9260129265279
"after",86.4314368533083,19.6576985183226
"after",87.839580483018,19.1034067905284
"after",91.5606032083341,20.9384984017633
"after",95.8017849605075,19.9513140296009
"after",95.4052829427946,20.4922533153053
"after",94.4864653417557,20.4729703017395
"after",93.5308718530006,17.7951524536256
"after",99.376784020878,19.0228771377885
"after",91.0214211452893,20.9225015186716
"after",92.0878451668215,19.8553931530106
"after",93.6104172886536,19.398528094896
"after",97.0789300668671,22.1292942878622
"after",91.0354588143062,18.308208341979
"after",89.2059489777,19.2092524684173
"after",96.4947221212848,19.931307370035
"after",96.0761898728493,22.2395764249317
"after",96.1332252423089,22.1786900298863
"after",90.7476169304213,17.8622935014064
"after",94.0555860920181,19.7123527175233
"after",91.5421024738259,20.5357039337495
"after",88.0979094603766,19.1772990861382
"after",91.6168756249323,19.8320463164771
"after",96.2643707403464,23.4985103722452
"after",89.2962450854214,17.9570967814861
"after",90.1303190601577,18.3037751338797
"after",97.2303007916674,21.1785947472705
"after",91.5426489579138,19.4755405124291
"after",98.3551566345916,19.5088854389544
"after",97.570301139449,20.897653316874
"after",95.7929006072266,21.04079261358
"after",93.298250449395,19.9517805937902
"after",95.6408267749106,18.5782063028659
"after",92.3916760591537,19.5535888450367
"after",94.9066140695439,20.6803531859363
"after",96.6815650837059,19.4679981892468
"after",92.6176585763148,19.7529997469207
"after",95.031538675253,19.9482768189069
"after",95.9773990583645,19.9171881173235
"after",96.5485615474062,21.5972221857905
"after",97.7630789346706,21.0320002001175
"after",94.7186366294115,20.2456310421142
"after",88.2092227324989,18.4628568476909
"after",96.353350199508,21.9988667652057
"after",93.1303373603514,20.8456751574502
"after",90.3427594059339,19.0817454389015
"after",90.4315947045541,17.3881493150192
"after",92.6150807361269,19.3746916648548
"after",99.2452849283815,22.2635562153782
"after",94.2371244246799,19.2287394227861
"after",96.4147814138279,21.5058195410575
"after",95.9686760808321,21.5855696988965
"after",95.0332227457223,19.1836587209541
"after",89.5353682792328,19.9630076682967
"after",94.7288748687002,20.0961847711865
"after",91.9670974914863,21.4434458395836
"after",94.0703951162552,21.3867682486972
"after",95.0630487303025,21.1175401022206
"after",91.4616437807574,19.9315061183429
"after",92.8534982494999,20.7698314544594
"after",95.27991258801,19.0714472351184
"after",92.7309558739242,20.0198297223608
"after",91.1542541082004,19.1793893553238
"after",96.0185159335175,21.4609903188262
"after",91.3247448105858,22.3707465475733
"after",97.4073526846598,23.8004266447147
"after",96.0864400074607,19.7210872237642
"after",90.0723221950039,17.6678038236532
"after",94.0275451079245,20.8793404912114
"after",97.4579780953185,20.766505898842
"after",93.1832743690725,20.6629896697909
"after",89.52466012185,20.4516100642814
"after",91.9164862808434,20.1602727049345
"after",95.0614487138348,20.5437660121729
"after",93.0002525168781,20.8706214662975
"after",90.9128693028507,17.5114579568181
"after",98.1023049165854,20.6751258539005
"after",89.6264429921916,19.6957015057059
"after",91.4814105365998,19.1606299363619
"after",94.7483513550944,19.6998986548115
"after",98.0322866186981,21.7518671064994
"after",90.9106828978612,20.2869643110932
"after",93.6116002067896,19.6527375737616
"after",95.8071297924816,21.213920020403
"after",90.2836076456525,19.2036799174222
"after",96.5064853781883,20.9929815552086
"after",93.1218327777352,20.5561923867811
"after",91.4551414447239,18.2833533388549
"after",92.6870156382303,19.6539717543621
"after",91.6545031447653,18.6684260941736
"after",97.5385845427906,21.4295716912043
"after",88.6445029388834,19.2113415761498
"after",97.9485539313069,21.7907109954313
"after",95.4575186556311,22.4000369139549
"after",89.1825433406099,19.6062957136409
"after",91.7156867516598,20.0551497876635
"after",95.4214118994879,21.6642576783349
"after",92.7904027818524,19.3915664217342
"after",90.3900638036903,18.6010794046261
"after",88.7918671864459,18.7071097878228
"after",94.9265120489037,19.5918800525318
"after",89.118844601985,17.0181036723597
"after",88.2499474954293,19.2222966590861
"after",91.2934740851243,22.281928845034
"after",96.3790582063728,20.2187233003175
"after",91.329194118505,18.6279914360157
"after",94.3308293358222,20.8154633389805
"after",95.349286232895,22.1640388366788
"after",99.7367653922039,21.7235961859734
"after",94.6484156052784,20.9476766807822
"after",90.4777818237943,18.225235394662
"after",97.2574695449738,19.0878249832083
"after",91.5267374604183,19.749048770407
"after",91.2038107055349,19.9561483993186
"after",93.6823983516116,21.1599899757306
"after",90.7930756643609,18.2549992417927
"after",92.1333851413443,19.2293722725618
"after",95.8589243634985,20.6916153176046
"after",90.8900405889504,20.0592580200459
"after",92.2408371158673,19.5831933463215
"after",89.3503394054956,16.9211705535656
"after",93.2562040149476,20.5510216998341
"after",92.2319731115361,18.6720486287286
"after",96.1906776349637,20.1872739077048
"after",97.17146494096,19.9227241251568
"after",95.3692840324449,20.2278572071131
"after",89.7208951769442,19.4064900533201
"after",89.8180893259045,19.7465076349008
"after",92.4416755511041,20.4821046594199
"after",95.4608692587239,20.9318006838761
"after",98.5179325568414,22.0892225913191
"after",97.4603436110987,21.6825478607856
"after",96.7342942135773,21.1240541222058
"after",91.985261011873,20.166443200556
"after",100.255310274054,23.9997257329731
"after",92.403890880543,18.4858063255301
"after",97.3767990636804,23.7079618507559
"after",91.7936400432031,20.9541894546245
"after",93.6945129720199,22.0597937977655
"after",99.5706548642069,21.5803291462018
"after",96.8321981832487,21.2292483627313
"after",88.4807852572432,18.4672124315701
"after",94.7127852843761,19.8968044460678
"after",95.0145009632469,21.5041638116816
"after",99.7427827374606,21.1769864202396
"after",90.6646934231217,21.0335696022369
"after",97.7663232694342,20.9748716965346
"after",99.1113950418574,21.5265519386038
"after",90.244984146308,18.0868825545289
"after",97.4702014062462,20.4945934680241
"after",89.0179504336493,17.1318732873848
"after",95.377071851897,22.1061145082978
"after",93.1933369066156,19.3553473401159
"after",95.8942979225391,21.5884013584373
"after",96.5594285492912,20.0640355380684
"after",98.340049034047,22.8585613408609
"after",88.6578760516987,19.7411671938698
"after",95.7359769832105,22.9044737327532
"after",89.1069247475701,18.5370584761181
"after",88.7506323257235,17.8268390433637
"after",95.0286056095003,19.1459116154674
"after",96.2002998387794,20.2016792334332
"after",85.2596750705551,16.6093338416077
"after",95.8904256404068,19.4841994051079
"after",95.1153222014557,21.2537409357373
"after",86.677825646851,16.6701674896592
"after",93.7361935617478,21.3907745849675
"after",92.5410405951527,21.6511043200976
"after",94.6989819694213,21.6781499138809
"after",93.6584307508643,19.8506544471764
"after",94.1534636830572,19.9890433276883
"after",93.1384056158795,20.2466268288889
"after",89.3520923753473,18.1745001727489
"after",94.4338852166978,18.3759629177511
"after",96.5434078916581,21.5601902761534
"after",95.1388369127929,19.0158847043403
"after",95.9412108195085,22.1028037814988
"after",91.1056643324695,19.6500010658199
"after",95.9840423049224,22.0430176120979
"after",95.7973760517603,20.6418120211184
"after",91.4862016244625,21.9183376019548
"after",96.4605492689729,19.8748533376783
"after",93.0794012312676,19.7083881368945
"after",91.4580648981361,19.5229479514556
"after",92.0076144438611,19.8451081622661
"after",89.351543440305,19.5305882929671
"after",91.6721497583295,20.4854041554794
"after",97.614761235315,23.8173698677749
"after",94.468318902373,20.1123455272847
"after",96.504291912921,21.2896109450662
"after",94.6376189262749,20.7831488446244
"after",90.4874164328614,20.2044879293812
"after",91.0423862733228,19.5815536502481
"after",87.5262114785693,18.456653782896
"after",88.0169086662634,16.9367405546681
"after",89.2336320636392,20.4844418117576
"after",88.6104274137813,17.6122277636827
"after",91.7019153436513,20.4136588797455
"after",88.8579466093825,20.193211884501
"after",90.233481771674,19.7699141366921
"after",86.0182952864413,18.3469518432864
"after",90.0703865628325,18.9840229271521
"after",89.2534432297792,19.3784970822187
"after",95.623833924724,18.6470372990539
"after",93.7163565404932,19.1311498726757
"after",86.1225130560457,18.6133843705024
"after",92.4270124793975,19.1178111443065
"after",98.1065671335227,21.3715735904581
"after",94.0444314428745,19.2864115894528
"after",91.2030149645441,20.4485396578117
"after",92.4384331822702,20.2412806264964
"after",92.4956259357504,19.1856243654601
"after",96.4889363840609,20.4467230344149
"after",90.503147585148,19.3159095822797
"after",99.4466925964431,21.1491571427358
"after",98.02802046589,21.2071964684572
"after",89.6976578178654,16.4682990024733
"after",89.4239585597887,17.7413390418724
"after",93.3084580857629,21.9527531453569
"after",92.5112110295,19.4521254481354
"after",89.2782929935653,18.4473270374907
"after",90.3751983213252,17.8659650018994
"after",94.104149172172,19.6197702993453
"after",93.5199202122166,21.8515784091225
"after",91.9881056549117,17.5896086846287
"after",87.5827714973632,17.6102591209795
"after",94.1258670398516,19.260122927655
"after",96.0508333248803,20.023059367996
"after",90.9105088383134,20.3158157864054
"after",89.4410687574758,17.5974525438575
"after",96.7349088578326,20.3629192643086
"after",90.9595595721996,20.5074357110705
"after",94.7617555726277,22.556520076211
"after",89.6828269907007,20.1903941069848
"after",92.0730249776762,19.788477423955
"after",89.6260481509669,19.6503538049782
"after",85.2137508513565,17.0996689062155
"after",93.3901629657536,20.3333638885794
"after",88.671122165082,16.8165642664732
"after",89.2124522411812,19.1028976688785
"after",94.5769149465605,19.4963664350825
"after",93.180969693348,21.0082618629343
"after",95.2327103784982,21.563486084646
"after",94.2522883843758,18.8083762499475
"after",90.3216536463854,19.8169969424268
"after",94.1719512147768,20.4959638157407
"after",92.1942105728733,21.7693550649445
"after",90.6447795515046,18.0567842938833
"after",95.3881623676388,23.7716224933032
"after",93.7229889307265,20.6406148631743
"after",92.4462053177742,19.8888234973345
"after",90.2629783437994,19.578314380908
"after",89.0442886504146,19.5464242384715
"after",89.3197056918028,20.6186128524425
"after",94.6292957043072,21.7562284415942
"after",93.9174948799905,20.9921390338861
"after",92.3209876758554,18.1313457254735
"after",92.9701871240728,21.5337534602839
"after",96.9241274538032,22.4502809445675
"after",91.8346972590516,19.7262941685132
"after",90.8712609315525,17.9928823753866
"after",95.6390059254681,21.5053025826091
"after",92.8784628485317,20.0327459077868
"after",92.35196501867,20.4125840004987
"after",93.0822850477378,20.5589621585434
"after",100.154669248252,21.1475998882886
"after",96.7627976167808,22.1334102901215
"after",96.8346277763901,23.1968955803532
"after",88.2388387963666,18.5353935208797
"after",95.8372819725061,19.659590912174
"after",88.5458988134002,20.5228531448481
"after",96.8230305438445,21.7255464015221
"after",92.1606258958891,19.3165917176513
"after",90.29121570236,16.5612334225367
"after",90.6794624839259,18.5276374479364
"after",93.6964532352428,19.2486425297627
"after",100.002252034889,21.8001777346302
"after",90.6874330810589,20.1757047550203
"after",93.8810505344751,20.842396978641
"after",93.0774524042394,20.5835435351239
"after",90.3093688064058,19.0844449566658
"after",93.0739780839918,20.5395403870809
"after",95.2640964550553,21.5335892742461
"after",91.5462599200934,20.3578210542775
"after",96.2618618120426,21.6277094010425
"after",88.4804171109621,19.1758695981961
"after",99.220482029249,21.2120867124077
"after",97.3627064871745,21.6696095016185
"after",93.336788069202,19.6563724711234
"after",90.6885618943761,19.6302939408203
"after",94.8118657337897,21.1767197569404
"after",98.3823477228861,20.0213234791038
"after",91.5124081701215,19.1139706337597
"after",93.8972744630752,19.733703545941
"after",93.0425598698961,20.9366067038725
"after",89.4295253534259,19.4448476539597
"after",93.6474582821676,21.2880117414211
"after",94.6151104900599,19.4376767280286
"after",95.8398753473429,21.0417837541574
"after",89.1508291327478,18.3583715882199
"after",93.4352096729137,20.6803254387998
"after",94.8224182387892,20.249225213083
"after",90.4534052254833,18.1952920953235
"after",92.9708742287086,20.8845168871426
"after",98.5666933110119,20.4989530404263
"after",87.4190529144065,18.2322764099551
"after",90.6380743780241,19.4199592101269
"after",90.5178733663457,18.9306464733509
"after",91.1758939772392,20.9610536782691
"after",88.0030534465341,19.5531256762067
"after",97.2549727336363,20.8094237694559
"after",96.7760818200797,22.6511679280395
"after",92.6585596579751,21.3557209441831
"after",90.6744042357312,18.6177425452747
"after",93.0535430112119,19.1852507473532
"after",92.6277125607492,19.2274271444672
"after",94.3420872692396,19.7935829656847
"after",96.5658630702849,20.1076023698642
"after",94.0764072721169,19.1847085307869
"after",94.4157642625537,20.3886603466933
"after",87.4538427393352,17.8578013041856
"after",91.4375075532646,21.3146844286456
"after",91.7131535642589,19.7196905431657
"after",89.8072508318893,18.1159676324989
"after",93.0741982870549,20.1356971384775
"after",93.6826735623129,20.2385356705668
"after",93.904997792924,20.622293796354
"after",91.7483810398483,18.238800299855
"after",92.697643502493,19.8096176668017
"after",88.0941358283611,18.4314727874525
"after",90.2462204637505,18.5462833888484
"after",97.0801118143996,21.1083702207796
"after",90.7205925789819,18.9582609361473
"after",89.0779391945921,15.5892126348806
"after",94.8312116531771,21.7406960489441
"after",91.9075253021447,21.5217926246956
"after",87.0503672579056,18.708958007295
"after",100.632908551981,24.1470529365015
"after",82.6986532040979,17.1652468716117
"after",94.3832020711304,19.9731701964301
"after",94.6817134411977,20.7597141422373
"after",95.2614968945203,18.3605582121053
"after",90.6492777147664,20.2267391341667
"after",90.5704395171194,18.3895185977682
"after",93.4134612348486,21.8502648601826
"after",90.3741319666874,20.8825447656499
"after",91.3026706943742,22.4751068818486
"after",91.8279752117732,20.0219230979424
"after",97.017041277906,21.8922218721492
"after",92.6729684422206,19.886282442813
"after",89.259857854479,18.3039162963966
"after",93.8422913908425,18.9973851217313
"after",94.4404998162529,22.4443386933733
"after",89.6831248320099,18.2854913852145
"after",95.2246395079893,20.566907609683
"after",91.2554451466057,20.6354255373312
"after",97.3302802677732,23.1139817366084
"after",101.427089201959,24.4135270931181
"after",95.827391141508,21.6321724735986
"after",95.420956382283,18.5998199182885
"after",89.0217688681107,17.9356483919543
"after",96.7331046168347,19.2474375114258
"after",96.8580701387479,21.9882851650425
"after",95.3121693157751,20.2946982527806
"after",93.7966747288049,19.5945118561368
"after",95.9911967385929,21.3604708963619
"after",96.473831527003,20.6742167634573
"after",89.9674479553699,18.5255474544084
"after",88.1451545022567,18.2004005524698
"after",93.3017720020906,21.5671735306443
"after",89.2206632611299,17.0049059070565
"after",95.3530489528549,20.3053343678447
"after",93.4374821456683,19.7904851364402
"after",90.6411624237866,20.7375619868386
"after",94.2031193411812,20.5023300146249
"after",92.1921302299095,19.6895803317739
"after",91.0685108249257,20.2335852451238
"after",89.8920295253464,16.9380610881662
"after",91.0985119872944,18.6809699485154
"after",93.6135329732629,20.6195789899852
"after",93.4238111219931,21.470824947983
"after",97.4771856391854,20.8925454042267
"after",94.26459309917,19.97447362323
"after",95.9423418142921,20.5667768669163
"after",94.1733785438089,22.5815665234852
"after",95.5227527188071,21.3102333732588
"after",96.8926132337207,19.3654005978449
"after",97.4536249970915,21.7943310348219
"after",95.0709487457282,20.8590111272677
"after",87.7820257924372,19.6832381952895
"after",98.9166690019422,20.9825937797761
"after",99.8056052570571,23.3057555565237
"after",89.4915666426999,19.8165984469841
"after",96.0335311483545,21.6995486616447
"after",88.7110684977339,18.7114466013889
"after",97.856561422718,23.2385580889092
"after",95.5640903320577,21.0142838547454
"after",97.0502917181514,22.3178180773926
"after",92.3499045708363,18.9474385784191
"after",88.0633731920529,17.8523215731914
"after",93.5727124535311,20.0741878137454
"after",91.0410524552227,17.4146606432101
"after",94.5456792416921,20.7758220349132
"after",95.1160412367342,20.9881306744652
"after",93.7621402462821,18.7793766113384
"after",91.8041480842674,20.151272430644
"after",91.8410414098947,18.9404847280877
"after",89.9038947350684,19.9208716054459
"after",96.5784045717687,19.368390164244
"after",92.3909632415589,20.4310087217925
"after",92.8792635680031,18.7374952333433
"after",87.4956784360598,18.4511298442347
"after",92.3620351798216,20.2449483471637
"after",91.2786550504705,17.987344787104
"after",95.1030593045493,19.5285326910253
"after",92.8239329300117,18.8038678528488
"after",90.7875477294534,20.7763651993228
"after",96.4836457310747,20.8932886118198
"after",94.251497125391,20.9772649409299
"after",91.235367309246,19.3179357363386
"after",92.9616139421708,20.1735342802106
"after",93.2765716224483,19.9725227443731
"after",95.3130390449501,21.5931471924992
"after",93.4839581177789,18.7311779495805
"after",94.0243302903324,19.0145406314436
"after",92.2908536527103,20.3466044556433
"after",95.8096415043264,20.489073058823
"after",92.9871054980272,21.7731459933729
"after",94.0920387710329,20.066483109716
"after",91.1699823937997,20.3624159432163
"after",95.2382947258323,21.8883467557196
"after",93.2485598425966,20.6537417898035
"after",91.7935639124258,20.4358746131713
"after",92.7228183252647,19.6212849264859
"after",93.2129786134897,20.7854816789375
"after",96.8041964094204,20.9588107675622
"after",92.2823551211957,19.3055392032535
"after",92.6003071763392,19.4710050070516
"after",92.3437434055443,19.8806656711082
"after",91.2563473725548,19.1132689318279
"after",96.4804167493022,20.1383884436022
"after",89.1904973103862,18.8666316669383
"after",92.4598047221759,18.9055745879055
"after",98.3263238722858,21.294957846557
"after",95.1814231415276,21.0532122566455
"after",87.9229163479837,17.1918879031537
"after",94.7789805310624,21.4978286465871
"after",86.3541593514197,18.9261034583057
"after",92.352998955844,21.5143180309882
"after",92.6058259252049,21.4274895190431
"after",93.5071303771768,20.2134713405397
"after",95.5687431284562,21.0380865627942
"after",97.0015304823499,20.1343475431877
"after",91.7636134354327,18.2980656090354
"after",91.5262924533379,20.2242172920725
"after",97.1398066086051,22.5659686319522
"after",91.9413249136191,18.7990316056638
"after",94.8014756633331,20.5222278409952
"after",97.9971887344161,21.2332883803395
"after",91.2645777261998,18.6545092373992
"after",92.5380555004573,20.1883149247624
"after",95.4031146208993,20.9226359958223
"after",95.7741234006276,21.303074760445
"after",85.4445978860806,16.1783027480732
"after",95.2055836806326,20.8255478864296
"after",92.419598942681,17.5342596186714
"after",88.7430478087984,17.3278700571894
"after",92.0989144502584,21.2207998113076
"after",98.8577307188357,20.7813948893365
"after",93.6587740569364,21.4514151841318
"after",93.3046447309457,20.5605867564016
"after",95.676559044646,20.6383950759105
"after",97.0701330205438,21.2595129987024
"after",96.9021076997581,20.9508881914597
"after",93.1980842065922,19.7604567836065
"after",94.7479134779854,20.8731179013325
"after",96.0029281580936,19.685060894162
"after",95.1030428207417,21.0361012460384
"after",90.8582180897103,19.0580224986232
"after",96.5957422366579,21.7304119211368
"after",95.3192839823816,21.4701870070083
"after",96.5296560856019,22.0514685002938
"after",96.2217175230351,21.866510348386
"after",89.2776673437102,18.2956082776455
"after",92.2068759650353,18.6360834033265
"after",95.4165277973347,20.0569047360823
"after",96.2265268633096,20.3979214170631
"after",91.4515723985751,20.2192427513953
"after",92.4159748502807,17.9803049430113
"after",92.7763073201985,20.4858116916003
"after",96.0791648151092,21.1627583120781
"after",93.892060976042,21.4055802840985
"after",93.6955939483945,22.857261826931
"after",92.4884842890224,20.4731259876784
"after",90.9985908568178,20.4455521065914
"after",87.1171023973621,18.2679208643902
"after",89.9236548968548,20.3321830792004
"after",89.082382805092,18.3489188517472
"after",91.7933967722731,18.9135486010384
"after",96.2889503077102,20.3340291795645
"after",89.6980064088704,18.8303621468951
"after",93.9036424636898,19.1667380331579
"after",90.8825716217262,20.6134909009365
"after",95.6667852721805,20.0888370388515
"after",94.6986557155776,21.3600648412808
"after",98.8650738529958,19.2480843911443
"after",92.165777655849,20.5575184269799
"after",89.1043498344617,18.6448477925824
"after",91.2314212120052,18.5251656315963
"after",89.5893602503074,18.7002522066305
"after",93.9789259171454,21.6147386672914
"after",96.2903239943819,23.1893979140284
"after",91.8103572999965,18.9416187970967
"after",95.7844366446573,20.754717490483
"after",91.7248265500534,20.3360751059153
"after",96.024932807284,20.3342653354197
"after",94.2905385004659,19.9677195671167
"after",94.396703492859,21.3556286546875
"after",95.5862047520075,20.5938088669186
"after",91.7479834927502,20.0770251255611
"after",99.2785877212836,22.1213543016726
"after",97.4566452134668,22.2116082795878
"after",95.7918656240309,20.6948945919523
"after",101.677890837093,21.2442406880906
"after",95.6712041752399,20.429016898018
"after",94.0234136526524,23.3198265500039
"after",93.1124677177609,19.7924581186192
"after",93.6290215119581,20.3267443435608
"after",96.8405531021609,21.4892054410964
"after",93.255042553486,18.7336032135474
"after",92.8924087127763,20.9649123065848
"after",91.8330547809765,18.8791416602961
"after",92.430592882638,20.556311674588
"after",93.8448420253125,20.4117398933663
"after",95.8583642556719,22.0092465845782
"after",95.6719066071385,23.3726862688646
"after",96.100120656615,18.7055608101273
"after",92.4004574321732,21.1690910351105
"after",94.0048052086622,20.7726528350842
"after",93.0110687441128,18.6241140521533
"after",94.0619871096533,19.8625977129263
"after",93.7159636430199,21.0852349851275
"after",90.5454122860756,17.9014732725073
"after",99.2011023852474,21.3326824765119
"after",92.8262165941571,18.9700654258402
"after",91.1257906835094,18.6929165670608
"after",91.0779565833598,18.70539813201
"after",98.2448747983504,20.8339828806973
"after",95.1121672304788,20.4400611095214
"after",96.596920481434,21.8388240703782
"after",93.8998623338757,21.5398225005285
"after",97.8704988750354,20.6275589409755
"after",94.6621596119547,21.6041988755481
"after",91.2818074677005,16.9567850375268
"after",90.2595199533175,19.183731007023
"after",96.6172455228299,22.9684098958512
"after",93.0923290615844,20.4522101209576
"after",94.5335358206505,21.4371891064251
"after",98.7478164248372,22.7777500788399
"after",94.8730555366655,22.0695413145614
"after",94.0114632356759,19.2182376586078
"after",92.656007222155,20.9313361998834
"after",90.5985543090614,20.6117547152945
"after",97.0153359779541,20.5290332846786
"after",94.3905096949612,18.5409038785518
"after",100.829419574482,21.1812592225055
"after",91.5189160480837,19.3836615527416
"after",92.6567145271994,21.6861297159513
"after",93.4792562893981,18.8546836939932
"after",90.8236019062437,20.4181285974349
"after",93.9643571010496,17.3640165809064
"after",94.9001299842116,21.5144441532748
"after",90.7751333564133,19.1589772480336
"after",93.8178558943278,20.5281819207044
"after",93.4752223187669,21.2792308386971
"after",96.2612256929323,21.5987798677588
"after",99.4833015286918,21.6364023550012
"after",89.1771878595799,21.5606240566819
"after",84.3462772507679,18.844316379406
"after",90.9501671797347,20.1555302685701
"after",94.6628904240962,20.9854386901499
"after",93.7268863155439,21.4257700385669
"after",96.7293103992526,21.8267734296684
"after",93.2725419189259,20.1966044129909
"after",93.5021178033231,21.1381363588579
"after",92.6409770274742,20.2196384434686
"after",85.0202072438241,19.5126822041791
"after",93.7127165149039,21.6305291231861
"after",88.0651176254106,19.7953648483936
"after",97.081450965846,20.3297308974201
"after",97.9370066370301,21.6181350982156
"after",94.1129886109319,20.5314976858946
