"X","Y","Z"
1,1,100
2,1,101
3,1,102
4,1,103
5,1,104
6,1,105
7,1,105
8,1,106
9,1,107
10,1,108
11,1,109
12,1,110
13,1,110
14,1,111
15,1,114
16,1,116
17,1,118
18,1,120
19,1,120
20,1,121
21,1,122
22,1,122
23,1,123
24,1,124
25,1,123
26,1,123
27,1,120
28,1,118
29,1,117
30,1,115
31,1,114
32,1,115
33,1,113
34,1,111
35,1,110
36,1,109
37,1,108
38,1,108
39,1,107
40,1,107
41,1,107
42,1,108
43,1,109
44,1,110
45,1,111
46,1,111
47,1,112
48,1,113
49,1,113
50,1,114
51,1,115
52,1,115
53,1,114
54,1,113
55,1,112
56,1,111
57,1,111
58,1,112
59,1,112
60,1,112
61,1,113
62,1,114
63,1,114
64,1,115
65,1,115
66,1,116
67,1,116
68,1,117
69,1,117
70,1,116
71,1,114
72,1,112
73,1,109
74,1,106
75,1,104
76,1,102
77,1,101
78,1,100
79,1,100
80,1,99
81,1,99
82,1,99
83,1,99
84,1,98
85,1,98
86,1,97
87,1,97
1,2,100
2,2,101
3,2,102
4,2,103
5,2,104
6,2,105
7,2,106
8,2,107
9,2,108
10,2,109
11,2,110
12,2,110
13,2,111
14,2,113
15,2,115
16,2,118
17,2,120
18,2,121
19,2,122
20,2,124
21,2,125
22,2,125
23,2,126
24,2,127
25,2,128
26,2,127
27,2,124
28,2,121
29,2,120
30,2,118
31,2,116
32,2,114
33,2,113
34,2,112
35,2,112
36,2,110
37,2,109
38,2,109
39,2,108
40,2,108
41,2,108
42,2,109
43,2,110
44,2,111
45,2,112
46,2,112
47,2,113
48,2,114
49,2,114
50,2,115
51,2,116
52,2,116
53,2,115
54,2,114
55,2,113
56,2,112
57,2,112
58,2,113
59,2,113
60,2,114
61,2,114
62,2,115
63,2,115
64,2,116
65,2,116
66,2,117
67,2,117
68,2,118
69,2,118
70,2,117
71,2,115
72,2,113
73,2,111
74,2,107
75,2,105
76,2,103
77,2,102
78,2,101
79,2,101
80,2,100
81,2,100
82,2,100
83,2,99
84,2,99
85,2,98
86,2,98
87,2,97
1,3,101
2,3,102
3,3,103
4,3,104
5,3,105
6,3,105
7,3,106
8,3,107
9,3,108
10,3,109
11,3,110
12,3,111
13,3,113
14,3,115
15,3,117
16,3,118
17,3,120
18,3,122
19,3,125
20,3,126
21,3,127
22,3,128
23,3,129
24,3,130
25,3,131
26,3,131
27,3,128
28,3,125
29,3,121
30,3,120
31,3,118
32,3,116
33,3,114
34,3,113
35,3,113
36,3,111
37,3,111
38,3,111
39,3,111
40,3,110
41,3,109
42,3,110
43,3,111
44,3,112
45,3,113
46,3,113
47,3,114
48,3,115
49,3,115
50,3,116
51,3,117
52,3,117
53,3,116
54,3,115
55,3,114
56,3,114
57,3,113
58,3,113
59,3,114
60,3,114
61,3,115
62,3,115
63,3,116
64,3,116
65,3,117
66,3,118
67,3,118
68,3,119
69,3,119
70,3,118
71,3,116
72,3,114
73,3,112
74,3,108
75,3,105
76,3,103
77,3,103
78,3,102
79,3,101
80,3,101
81,3,100
82,3,100
83,3,99
84,3,99
85,3,98
86,3,98
87,3,97
1,4,101
2,4,102
3,4,103
4,4,104
5,4,105
6,4,106
7,4,107
8,4,108
9,4,109
10,4,110
11,4,111
12,4,113
13,4,115
14,4,117
15,4,117
16,4,118
17,4,121
18,4,123
19,4,126
20,4,128
21,4,130
22,4,130
23,4,131
24,4,132
25,4,133
26,4,134
27,4,131
28,4,129
29,4,125
30,4,122
31,4,120
32,4,118
33,4,116
34,4,114
35,4,113
36,4,112
37,4,112
38,4,113
39,4,112
40,4,112
41,4,111
42,4,112
43,4,113
44,4,113
45,4,114
46,4,115
47,4,116
48,4,116
49,4,117
50,4,117
51,4,118
52,4,118
53,4,116
54,4,116
55,4,115
56,4,115
57,4,115
58,4,114
59,4,114
60,4,115
61,4,116
62,4,116
63,4,117
64,4,117
65,4,118
66,4,118
67,4,119
68,4,119
69,4,120
70,4,120
71,4,117
72,4,115
73,4,112
74,4,108
75,4,106
76,4,104
77,4,103
78,4,102
79,4,102
80,4,102
81,4,101
82,4,100
83,4,99
84,4,99
85,4,99
86,4,98
87,4,98
1,5,101
2,5,102
3,5,103
4,5,104
5,5,105
6,5,106
7,5,107
8,5,108
9,5,109
10,5,110
11,5,111
12,5,112
13,5,114
14,5,116
15,5,117
16,5,120
17,5,122
18,5,124
19,5,126
20,5,129
21,5,130
22,5,132
23,5,133
24,5,135
25,5,136
26,5,136
27,5,134
28,5,132
29,5,129
30,5,126
31,5,122
32,5,120
33,5,118
34,5,116
35,5,114
36,5,114
37,5,114
38,5,114
39,5,114
40,5,113
41,5,113
42,5,114
43,5,115
44,5,116
45,5,116
46,5,117
47,5,117
48,5,117
49,5,118
50,5,118
51,5,119
52,5,119
53,5,118
54,5,117
55,5,116
56,5,116
57,5,115
58,5,115
59,5,116
60,5,116
61,5,116
62,5,117
63,5,117
64,5,118
65,5,118
66,5,119
67,5,120
68,5,120
69,5,120
70,5,120
71,5,119
72,5,116
73,5,113
74,5,109
75,5,106
76,5,104
77,5,104
78,5,103
79,5,102
80,5,102
81,5,101
82,5,101
83,5,100
84,5,99
85,5,99
86,5,99
87,5,98
1,6,101
2,6,102
3,6,103
4,6,104
5,6,105
6,6,106
7,6,107
8,6,108
9,6,109
10,6,110
11,6,111
12,6,111
13,6,113
14,6,115
15,6,118
16,6,121
17,6,123
18,6,125
19,6,127
20,6,129
21,6,131
22,6,133
23,6,135
24,6,137
25,6,138
26,6,138
27,6,137
28,6,134
29,6,132
30,6,130
31,6,127
32,6,122
33,6,120
34,6,118
35,6,116
36,6,116
37,6,116
38,6,116
39,6,115
40,6,113
41,6,114
42,6,115
43,6,116
44,6,117
45,6,117
46,6,118
47,6,118
48,6,119
49,6,119
50,6,119
51,6,120
52,6,120
53,6,119
54,6,118
55,6,117
56,6,117
57,6,116
58,6,116
59,6,117
60,6,117
61,6,117
62,6,118
63,6,119
64,6,119
65,6,119
66,6,120
67,6,121
68,6,121
69,6,121
70,6,121
71,6,119
72,6,116
73,6,113
74,6,110
75,6,107
76,6,105
77,6,105
78,6,103
79,6,103
80,6,103
81,6,102
82,6,101
83,6,100
84,6,100
85,6,99
86,6,99
87,6,99
1,7,101
2,7,102
3,7,103
4,7,104
5,7,105
6,7,106
7,7,107
8,7,108
9,7,109
10,7,110
11,7,111
12,7,113
13,7,114
14,7,116
15,7,119
16,7,121
17,7,124
18,7,126
19,7,128
20,7,130
21,7,133
22,7,135
23,7,137
24,7,138
25,7,140
26,7,140
27,7,139
28,7,137
29,7,135
30,7,133
31,7,131
32,7,127
33,7,122
34,7,120
35,7,118
36,7,118
37,7,117
38,7,117
39,7,116
40,7,115
41,7,116
42,7,116
43,7,117
44,7,118
45,7,118
46,7,118
47,7,119
48,7,119
49,7,120
50,7,120
51,7,121
52,7,121
53,7,120
54,7,119
55,7,119
56,7,118
57,7,117
58,7,117
59,7,118
60,7,119
61,7,118
62,7,118
63,7,118
64,7,119
65,7,120
66,7,122
67,7,123
68,7,123
69,7,123
70,7,122
71,7,120
72,7,117
73,7,113
74,7,110
75,7,108
76,7,106
77,7,105
78,7,104
79,7,103
80,7,103
81,7,102
82,7,101
83,7,101
84,7,100
85,7,100
86,7,99
87,7,99
1,8,100
2,8,101
3,8,102
4,8,103
5,8,104
6,8,105
7,8,106
8,8,107
9,8,108
10,8,109
11,8,110
12,8,112
13,8,114
14,8,117
15,8,119
16,8,122
17,8,124
18,8,127
19,8,129
20,8,131
21,8,134
22,8,136
23,8,138
24,8,140
25,8,142
26,8,142
27,8,142
28,8,140
29,8,138
30,8,136
31,8,133
32,8,129
33,8,125
34,8,122
35,8,120
36,8,119
37,8,118
38,8,118
39,8,117
40,8,116
41,8,117
42,8,117
43,8,118
44,8,119
45,8,119
46,8,120
47,8,120
48,8,120
49,8,121
50,8,121
51,8,121
52,8,122
53,8,121
54,8,120
55,8,120
56,8,120
57,8,119
58,8,119
59,8,120
60,8,120
61,8,120
62,8,120
63,8,120
64,8,120
65,8,123
66,8,123
67,8,124
68,8,124
69,8,124
70,8,123
71,8,121
72,8,119
73,8,114
74,8,112
75,8,108
76,8,106
77,8,106
78,8,104
79,8,104
80,8,103
81,8,102
82,8,102
83,8,101
84,8,101
85,8,100
86,8,100
87,8,99
1,9,100
2,9,101
3,9,102
4,9,103
5,9,104
6,9,105
7,9,106
8,9,107
9,9,108
10,9,109
11,9,110
12,9,112
13,9,115
14,9,117
15,9,120
16,9,122
17,9,125
18,9,127
19,9,130
20,9,132
21,9,135
22,9,137
23,9,139
24,9,142
25,9,144
26,9,144
27,9,144
28,9,142
29,9,140
30,9,138
31,9,136
32,9,132
33,9,129
34,9,126
35,9,123
36,9,120
37,9,120
38,9,119
39,9,119
40,9,118
41,9,119
42,9,119
43,9,120
44,9,120
45,9,120
46,9,121
47,9,122
48,9,122
49,9,123
50,9,123
51,9,123
52,9,123
53,9,122
54,9,123
55,9,122
56,9,122
57,9,121
58,9,122
59,9,122
60,9,122
61,9,123
62,9,123
63,9,123
64,9,124
65,9,125
66,9,125
67,9,126
68,9,126
69,9,125
70,9,124
71,9,122
72,9,120
73,9,116
74,9,113
75,9,109
76,9,107
77,9,106
78,9,105
79,9,104
80,9,104
81,9,103
82,9,102
83,9,102
84,9,101
85,9,101
86,9,100
87,9,100
1,10,100
2,10,101
3,10,102
4,10,103
5,10,103
6,10,104
7,10,105
8,10,106
9,10,107
10,10,108
11,10,110
12,10,114
13,10,117
14,10,119
15,10,121
16,10,123
17,10,126
18,10,128
19,10,130
20,10,133
21,10,136
22,10,139
23,10,141
24,10,144
25,10,146
26,10,147
27,10,146
28,10,145
29,10,143
30,10,141
31,10,138
32,10,136
33,10,133
34,10,130
35,10,127
36,10,124
37,10,121
38,10,120
39,10,120
40,10,120
41,10,120
42,10,120
43,10,121
44,10,122
45,10,123
46,10,124
47,10,124
48,10,125
49,10,125
50,10,126
51,10,126
52,10,125
53,10,126
54,10,126
55,10,126
56,10,125
57,10,126
58,10,127
59,10,128
60,10,128
61,10,129
62,10,129
63,10,128
64,10,128
65,10,128
66,10,128
67,10,128
68,10,128
69,10,126
70,10,125
71,10,123
72,10,122
73,10,119
74,10,114
75,10,109
76,10,108
77,10,107
78,10,106
79,10,105
80,10,104
81,10,103
82,10,103
83,10,102
84,10,102
85,10,101
86,10,100
87,10,100
1,11,101
2,11,102
3,11,103
4,11,103
5,11,104
6,11,104
7,11,105
8,11,106
9,11,108
10,11,110
11,11,112
12,11,116
13,11,119
14,11,121
15,11,124
16,11,125
17,11,127
18,11,130
19,11,132
20,11,135
21,11,137
22,11,140
23,11,143
24,11,147
25,11,149
26,11,149
27,11,149
28,11,147
29,11,145
30,11,143
31,11,141
32,11,139
33,11,136
34,11,133
35,11,131
36,11,128
37,11,125
38,11,122
39,11,121
40,11,122
41,11,122
42,11,122
43,11,123
44,11,125
45,11,125
46,11,126
47,11,127
48,11,127
49,11,127
50,11,128
51,11,128
52,11,128
53,11,129
54,11,129
55,11,130
56,11,131
57,11,131
58,11,132
59,11,132
60,11,133
61,11,133
62,11,133
63,11,132
64,11,132
65,11,131
66,11,131
67,11,130
68,11,129
69,11,128
70,11,126
71,11,125
72,11,124
73,11,121
74,11,117
75,11,111
76,11,109
77,11,108
78,11,106
79,11,105
80,11,104
81,11,103
82,11,102
83,11,101
84,11,101
85,11,100
86,11,100
87,11,100
1,12,101
2,12,102
3,12,103
4,12,104
5,12,104
6,12,105
7,12,106
8,12,107
9,12,108
10,12,110
11,12,114
12,12,119
13,12,121
14,12,124
15,12,126
16,12,128
17,12,129
18,12,132
19,12,134
20,12,137
21,12,140
22,12,143
23,12,147
24,12,149
25,12,151
26,12,151
27,12,151
28,12,149
29,12,147
30,12,145
31,12,143
32,12,141
33,12,138
34,12,136
35,12,134
36,12,131
37,12,128
38,12,126
39,12,124
40,12,125
41,12,125
42,12,126
43,12,126
44,12,127
45,12,128
46,12,128
47,12,129
48,12,129
49,12,130
50,12,130
51,12,131
52,12,131
53,12,132
54,12,132
55,12,133
56,12,134
57,12,135
58,12,135
59,12,136
60,12,136
61,12,137
62,12,137
63,12,136
64,12,136
65,12,135
66,12,134
67,12,133
68,12,131
69,12,129
70,12,128
71,12,127
72,12,126
73,12,123
74,12,119
75,12,115
76,12,111
77,12,109
78,12,107
79,12,105
80,12,104
81,12,103
82,12,102
83,12,101
84,12,100
85,12,100
86,12,100
87,12,99
1,13,102
2,13,103
3,13,104
4,13,104
5,13,105
6,13,105
7,13,106
8,13,108
9,13,110
10,13,113
11,13,118
12,13,121
13,13,124
14,13,126
15,13,128
16,13,130
17,13,132
18,13,134
19,13,136
20,13,139
21,13,143
22,13,147
23,13,150
24,13,154
25,13,154
26,13,154
27,13,153
28,13,151
29,13,149
30,13,148
31,13,146
32,13,143
33,13,141
34,13,139
35,13,137
36,13,136
37,13,132
38,13,130
39,13,128
40,13,128
41,13,128
42,13,129
43,13,129
44,13,130
45,13,130
46,13,131
47,13,132
48,13,132
49,13,132
50,13,133
51,13,134
52,13,134
53,13,135
54,13,135
55,13,136
56,13,137
57,13,138
58,13,139
59,13,139
60,13,140
61,13,140
62,13,140
63,13,139
64,13,139
65,13,138
66,13,137
67,13,137
68,13,135
69,13,132
70,13,130
71,13,129
72,13,127
73,13,124
74,13,120
75,13,116
76,13,112
77,13,109
78,13,106
79,13,105
80,13,103
81,13,102
82,13,101
83,13,101
84,13,100
85,13,99
86,13,99
87,13,99
1,14,102
2,14,103
3,14,104
4,14,104
5,14,105
6,14,106
7,14,107
8,14,108
9,14,111
10,14,116
11,14,121
12,14,124
13,14,126
14,14,128
15,14,131
16,14,134
17,14,135
18,14,137
19,14,139
20,14,143
21,14,147
22,14,152
23,14,156
24,14,157
25,14,157
26,14,157
27,14,156
28,14,155
29,14,153
30,14,151
31,14,148
32,14,146
33,14,143
34,14,142
35,14,141
36,14,140
37,14,138
38,14,135
39,14,133
40,14,132
41,14,132
42,14,133
43,14,133
44,14,133
45,14,134
46,14,135
47,14,135
48,14,135
49,14,135
50,14,136
51,14,136
52,14,137
53,14,137
54,14,138
55,14,138
56,14,139
57,14,140
58,14,141
59,14,141
60,14,142
61,14,142
62,14,143
63,14,142
64,14,142
65,14,141
66,14,141
67,14,140
68,14,139
69,14,137
70,14,134
71,14,133
72,14,129
73,14,125
74,14,121
75,14,114
76,14,110
77,14,107
78,14,106
79,14,106
80,14,104
81,14,103
82,14,102
83,14,101
84,14,100
85,14,99
86,14,99
87,14,99
1,15,102
2,15,103
3,15,104
4,15,105
5,15,105
6,15,106
7,15,108
8,15,110
9,15,113
10,15,118
11,15,123
12,15,127
13,15,129
14,15,132
15,15,137
16,15,141
17,15,142
18,15,142
19,15,145
20,15,150
21,15,154
22,15,157
23,15,161
24,15,161
25,15,160
26,15,160
27,15,160
28,15,159
29,15,157
30,15,154
31,15,151
32,15,148
33,15,146
34,15,145
35,15,143
36,15,142
37,15,142
38,15,139
39,15,137
40,15,136
41,15,137
42,15,137
43,15,138
44,15,138
45,15,139
46,15,139
47,15,139
48,15,139
49,15,139
50,15,139
51,15,139
52,15,139
53,15,140
54,15,140
55,15,141
56,15,142
57,15,142
58,15,143
59,15,144
60,15,144
61,15,144
62,15,145
63,15,145
64,15,145
65,15,145
66,15,145
67,15,144
68,15,142
69,15,140
70,15,139
71,15,136
72,15,129
73,15,124
74,15,119
75,15,113
76,15,109
77,15,106
78,15,106
79,15,105
80,15,104
81,15,103
82,15,102
83,15,101
84,15,101
85,15,100
86,15,99
87,15,99
1,16,102
2,16,103
3,16,104
4,16,105
5,16,106
6,16,107
7,16,109
8,16,113
9,16,116
10,16,120
11,16,125
12,16,129
13,16,133
14,16,137
15,16,143
16,16,147
17,16,149
18,16,151
19,16,152
20,16,154
21,16,158
22,16,161
23,16,164
24,16,165
25,16,164
26,16,164
27,16,163
28,16,163
29,16,160
30,16,157
31,16,154
32,16,151
33,16,149
34,16,147
35,16,145
36,16,145
37,16,144
38,16,143
39,16,141
40,16,140
41,16,141
42,16,141
43,16,141
44,16,141
45,16,141
46,16,142
47,16,142
48,16,142
49,16,142
50,16,142
51,16,142
52,16,142
53,16,143
54,16,143
55,16,143
56,16,144
57,16,144
58,16,145
59,16,146
60,16,146
61,16,146
62,16,147
63,16,148
64,16,148
65,16,148
66,16,148
67,16,145
68,16,143
69,16,142
70,16,140
71,16,134
72,16,128
73,16,123
74,16,117
75,16,112
76,16,108
77,16,106
78,16,105
79,16,105
80,16,104
81,16,104
82,16,103
83,16,102
84,16,101
85,16,100
86,16,100
87,16,99
1,17,103
2,17,104
3,17,105
4,17,106
5,17,107
6,17,109
7,17,111
8,17,115
9,17,118
10,17,122
11,17,127
12,17,133
13,17,140
14,17,143
15,17,150
16,17,152
17,17,153
18,17,155
19,17,157
20,17,159
21,17,162
22,17,164
23,17,167
24,17,168
25,17,168
26,17,168
27,17,167
28,17,166
29,17,163
30,17,160
31,17,157
32,17,153
33,17,150
34,17,148
35,17,148
36,17,147
37,17,147
38,17,147
39,17,145
40,17,145
41,17,144
42,17,143
43,17,143
44,17,143
45,17,144
46,17,144
47,17,144
48,17,144
49,17,145
50,17,145
51,17,145
52,17,145
53,17,146
54,17,146
55,17,146
56,17,146
57,17,146
58,17,147
59,17,147
60,17,148
61,17,149
62,17,150
63,17,150
64,17,150
65,17,150
66,17,149
67,17,147
68,17,145
69,17,143
70,17,141
71,17,134
72,17,127
73,17,123
74,17,117
75,17,111
76,17,108
77,17,105
78,17,105
79,17,104
80,17,104
81,17,103
82,17,103
83,17,102
84,17,101
85,17,100
86,17,100
87,17,100
1,18,104
2,18,105
3,18,106
4,18,107
5,18,108
6,18,110
7,18,113
8,18,117
9,18,120
10,18,125
11,18,129
12,18,138
13,18,145
14,18,151
15,18,156
16,18,156
17,18,157
18,18,158
19,18,160
20,18,164
21,18,166
22,18,168
23,18,170
24,18,171
25,18,172
26,18,171
27,18,171
28,18,169
29,18,166
30,18,163
31,18,160
32,18,156
33,18,153
34,18,151
35,18,150
36,18,150
37,18,149
38,18,149
39,18,149
40,18,148
41,18,146
42,18,146
43,18,146
44,18,146
45,18,146
46,18,146
47,18,146
48,18,147
49,18,148
50,18,148
51,18,149
52,18,149
53,18,149
54,18,148
55,18,148
56,18,148
57,18,148
58,18,149
59,18,149
60,18,150
61,18,150
62,18,150
63,18,150
64,18,150
65,18,150
66,18,150
67,18,148
68,18,146
69,18,143
70,18,141
71,18,136
72,18,129
73,18,123
74,18,117
75,18,110
76,18,108
77,18,105
78,18,104
79,18,103
80,18,102
81,18,102
82,18,101
83,18,101
84,18,100
85,18,100
86,18,100
87,18,100
1,19,103
2,19,104
3,19,105
4,19,106
5,19,108
6,19,110
7,19,114
8,19,118
9,19,123
10,19,127
11,19,133
12,19,143
13,19,150
14,19,156
15,19,160
16,19,160
17,19,161
18,19,162
19,19,167
20,19,170
21,19,171
22,19,172
23,19,173
24,19,175
25,19,175
26,19,174
27,19,174
28,19,173
29,19,171
30,19,168
31,19,164
32,19,160
33,19,156
34,19,155
35,19,154
36,19,153
37,19,153
38,19,152
39,19,152
40,19,150
41,19,149
42,19,148
43,19,148
44,19,148
45,19,148
46,19,148
47,19,149
48,19,149
49,19,150
50,19,152
51,19,152
52,19,152
53,19,152
54,19,151
55,19,150
56,19,150
57,19,150
58,19,150
59,19,150
60,19,150
61,19,150
62,19,150
63,19,150
64,19,150
65,19,150
66,19,150
67,19,149
68,19,147
69,19,144
70,19,141
71,19,138
72,19,132
73,19,125
74,19,118
75,19,111
76,19,108
77,19,105
78,19,103
79,19,102
80,19,101
81,19,101
82,19,101
83,19,100
84,19,100
85,19,100
86,19,100
87,19,100
1,20,102
2,20,103
3,20,104
4,20,106
5,20,108
6,20,112
7,20,116
8,20,120
9,20,125
10,20,129
11,20,137
12,20,146
13,20,154
14,20,161
15,20,163
16,20,165
17,20,166
18,20,169
19,20,172
20,20,173
21,20,174
22,20,175
23,20,177
24,20,178
25,20,178
26,20,178
27,20,178
28,20,177
29,20,174
30,20,171
31,20,168
32,20,164
33,20,160
34,20,158
35,20,157
36,20,157
37,20,156
38,20,156
39,20,156
40,20,155
41,20,152
42,20,151
43,20,150
44,20,150
45,20,151
46,20,151
47,20,152
48,20,154
49,20,156
50,20,157
51,20,157
52,20,156
53,20,155
54,20,153
55,20,152
56,20,152
57,20,151
58,20,150
59,20,150
60,20,150
61,20,150
62,20,150
63,20,150
64,20,150
65,20,150
66,20,150
67,20,150
68,20,147
69,20,144
70,20,141
71,20,138
72,20,133
73,20,127
74,20,120
75,20,113
76,20,109
77,20,106
78,20,103
79,20,101
80,20,101
81,20,101
82,20,100
83,20,100
84,20,100
85,20,100
86,20,100
87,20,100
1,21,101
2,21,102
3,21,104
4,21,106
5,21,109
6,21,113
7,21,118
8,21,122
9,21,127
10,21,133
11,21,141
12,21,149
13,21,155
14,21,161
15,21,165
16,21,168
17,21,170
18,21,172
19,21,175
20,21,176
21,21,177
22,21,179
23,21,181
24,21,181
25,21,181
26,21,180
27,21,180
28,21,179
29,21,177
30,21,174
31,21,171
32,21,167
33,21,165
34,21,163
35,21,161
36,21,160
37,21,160
38,21,160
39,21,160
40,21,160
41,21,157
42,21,155
43,21,155
44,21,154
45,21,154
46,21,155
47,21,157
48,21,159
49,21,161
50,21,161
51,21,161
52,21,159
53,21,156
54,21,154
55,21,154
56,21,153
57,21,151
58,21,150
59,21,150
60,21,150
61,21,150
62,21,150
63,21,150
64,21,150
65,21,150
66,21,150
67,21,149
68,21,147
69,21,144
70,21,141
71,21,137
72,21,133
73,21,129
74,21,123
75,21,116
76,21,110
77,21,107
78,21,104
79,21,102
80,21,102
81,21,101
82,21,101
83,21,101
84,21,100
85,21,100
86,21,100
87,21,100
1,22,101
2,22,102
3,22,105
4,22,107
5,22,110
6,22,115
7,22,120
8,22,124
9,22,129
10,22,136
11,22,143
12,22,149
13,22,155
14,22,162
15,22,168
16,22,170
17,22,174
18,22,176
19,22,178
20,22,179
21,22,181
22,22,182
23,22,184
24,22,184
25,22,183
26,22,181
27,22,180
28,22,180
29,22,179
30,22,177
31,22,174
32,22,172
33,22,170
34,22,168
35,22,166
36,22,165
37,22,164
38,22,164
39,22,164
40,22,164
41,22,162
42,22,160
43,22,159
44,22,159
45,22,158
46,22,160
47,22,162
48,22,164
49,22,166
50,22,166
51,22,163
52,22,159
53,22,157
54,22,156
55,22,155
56,22,153
57,22,151
58,22,150
59,22,150
60,22,150
61,22,150
62,22,150
63,22,150
64,22,150
65,22,150
66,22,150
67,22,149
68,22,146
69,22,143
70,22,140
71,22,137
72,22,133
73,22,129
74,22,124
75,22,119
76,22,112
77,22,108
78,22,105
79,22,103
80,22,103
81,22,102
82,22,101
83,22,101
84,22,101
85,22,101
86,22,100
87,22,100
1,23,102
2,23,103
3,23,106
4,23,108
5,23,112
6,23,116
7,23,121
8,23,125
9,23,130
10,23,138
11,23,145
12,23,151
13,23,157
14,23,163
15,23,170
16,23,174
17,23,178
18,23,181
19,23,181
20,23,184
21,23,186
22,23,186
23,23,187
24,23,186
25,23,184
26,23,181
27,23,180
28,23,180
29,23,180
30,23,179
31,23,178
32,23,174
33,23,173
34,23,173
35,23,171
36,23,170
37,23,170
38,23,169
39,23,168
40,23,167
41,23,166
42,23,164
43,23,163
44,23,162
45,23,161
46,23,164
47,23,167
48,23,169
49,23,170
50,23,168
51,23,164
52,23,160
53,23,158
54,23,157
55,23,155
56,23,153
57,23,151
58,23,150
59,23,150
60,23,150
61,23,150
62,23,150
63,23,150
64,23,150
65,23,150
66,23,150
67,23,147
68,23,144
69,23,141
70,23,138
71,23,135
72,23,133
73,23,128
74,23,125
75,23,122
76,23,116
77,23,109
78,23,107
79,23,104
80,23,104
81,23,103
82,23,102
83,23,101
84,23,101
85,23,101
86,23,101
87,23,101
1,24,103
2,24,105
3,24,107
4,24,110
5,24,114
6,24,118
7,24,122
8,24,127
9,24,132
10,24,140
11,24,146
12,24,153
13,24,159
14,24,165
15,24,171
16,24,176
17,24,180
18,24,183
19,24,185
20,24,186
21,24,189
22,24,190
23,24,188
24,24,187
25,24,184
26,24,182
27,24,180
28,24,180
29,24,180
30,24,179
31,24,178
32,24,176
33,24,176
34,24,176
35,24,176
36,24,174
37,24,174
38,24,173
39,24,172
40,24,170
41,24,168
42,24,167
43,24,165
44,24,163
45,24,164
46,24,165
47,24,169
48,24,170
49,24,170
50,24,170
51,24,166
52,24,162
53,24,159
54,24,157
55,24,155
56,24,153
57,24,151
58,24,150
59,24,150
60,24,150
61,24,150
62,24,150
63,24,150
64,24,150
65,24,150
66,24,150
67,24,146
68,24,142
69,24,139
70,24,136
71,24,133
72,24,131
73,24,128
74,24,125
75,24,122
76,24,117
77,24,110
78,24,108
79,24,106
80,24,105
81,24,104
82,24,103
83,24,103
84,24,101
85,24,101
86,24,101
87,24,101
1,25,104
2,25,106
3,25,108
4,25,111
5,25,115
6,25,119
7,25,123
8,25,128
9,25,134
10,25,141
11,25,148
12,25,154
13,25,161
14,25,166
15,25,172
16,25,179
17,25,182
18,25,184
19,25,186
20,25,189
21,25,190
22,25,190
23,25,190
24,25,187
25,25,185
26,25,183
27,25,180
28,25,180
29,25,180
30,25,179
31,25,179
32,25,177
33,25,176
34,25,177
35,25,178
36,25,178
37,25,178
38,25,177
39,25,176
40,25,174
41,25,171
42,25,168
43,25,166
44,25,164
45,25,166
46,25,168
47,25,170
48,25,170
49,25,170
50,25,170
51,25,168
52,25,162
53,25,159
54,25,157
55,25,155
56,25,153
57,25,151
58,25,150
59,25,150
60,25,150
61,25,150
62,25,150
63,25,150
64,25,150
65,25,150
66,25,148
67,25,144
68,25,140
69,25,137
70,25,134
71,25,132
72,25,129
73,25,127
74,25,125
75,25,122
76,25,117
77,25,111
78,25,110
79,25,107
80,25,107
81,25,106
82,25,105
83,25,104
84,25,103
85,25,102
86,25,101
87,25,100
1,26,104
2,26,106
3,26,110
4,26,114
5,26,118
6,26,121
7,26,125
8,26,129
9,26,135
10,26,142
11,26,150
12,26,157
13,26,162
14,26,167
15,26,173
16,26,180
17,26,183
18,26,186
19,26,188
20,26,190
21,26,190
22,26,190
23,26,189
24,26,184
25,26,183
26,26,181
27,26,180
28,26,179
29,26,179
30,26,176
31,26,177
32,26,176
33,26,176
34,26,177
35,26,178
36,26,179
37,26,180
38,26,180
39,26,179
40,26,177
41,26,173
42,26,169
43,26,167
44,26,166
45,26,167
46,26,169
47,26,170
48,26,170
49,26,170
50,26,170
51,26,167
52,26,161
53,26,159
54,26,157
55,26,155
56,26,153
57,26,151
58,26,150
59,26,150
60,26,150
61,26,150
62,26,150
63,26,150
64,26,149
65,26,147
66,26,145
67,26,141
68,26,138
69,26,135
70,26,133
71,26,130
72,26,127
73,26,125
74,26,123
75,26,121
76,26,118
77,26,113
78,26,111
79,26,110
80,26,110
81,26,109
82,26,109
83,26,107
84,26,106
85,26,105
86,26,103
87,26,100
1,27,105
2,27,107
3,27,111
4,27,117
5,27,121
6,27,124
7,27,127
8,27,131
9,27,137
10,27,148
11,27,154
12,27,159
13,27,164
14,27,168
15,27,174
16,27,181
17,27,184
18,27,187
19,27,190
20,27,191
21,27,191
22,27,190
23,27,187
24,27,184
25,27,180
26,27,178
27,27,175
28,27,174
29,27,172
30,27,171
31,27,173
32,27,173
33,27,173
34,27,176
35,27,178
36,27,179
37,27,180
38,27,180
39,27,180
40,27,179
41,27,175
42,27,170
43,27,168
44,27,166
45,27,168
46,27,169
47,27,170
48,27,170
49,27,170
50,27,170
51,27,166
52,27,161
53,27,158
54,27,156
55,27,154
56,27,153
57,27,151
58,27,150
59,27,150
60,27,150
61,27,150
62,27,148
63,27,147
64,27,146
65,27,145
66,27,143
67,27,139
68,27,135
69,27,133
70,27,131
71,27,129
72,27,126
73,27,124
74,27,121
75,27,120
76,27,118
77,27,114
78,27,111
79,27,111
80,27,111
81,27,110
82,27,110
83,27,109
84,27,107
85,27,106
86,27,104
87,27,100
1,28,107
2,28,109
3,28,113
4,28,118
5,28,122
6,28,126
7,28,129
8,28,134
9,28,139
10,28,150
11,28,156
12,28,160
13,28,165
14,28,170
15,28,175
16,28,181
17,28,184
18,28,188
19,28,191
20,28,192
21,28,192
22,28,189
23,28,185
24,28,181
25,28,177
26,28,173
27,28,171
28,28,169
29,28,168
30,28,167
31,28,169
32,28,170
33,28,172
34,28,174
35,28,176
36,28,178
37,28,179
38,28,180
39,28,180
40,28,179
41,28,175
42,28,170
43,28,168
44,28,166
45,28,166
46,28,168
47,28,168
48,28,170
49,28,170
50,28,168
51,28,164
52,28,160
53,28,158
54,28,155
55,28,152
56,28,151
57,28,150
58,28,149
59,28,149
60,28,148
61,28,147
62,28,145
63,28,144
64,28,143
65,28,142
66,28,141
67,28,136
68,28,133
69,28,130
70,28,129
71,28,127
72,28,125
73,28,123
74,28,120
75,28,119
76,28,118
77,28,115
78,28,112
79,28,111
80,28,111
81,28,111
82,28,110
83,28,109
84,28,109
85,28,109
86,28,105
87,28,100
1,29,107
2,29,110
3,29,114
4,29,117
5,29,121
6,29,126
7,29,130
8,29,135
9,29,142
10,29,151
11,29,159
12,29,163
13,29,167
14,29,171
15,29,177
16,29,182
17,29,185
18,29,189
19,29,192
20,29,193
21,29,191
22,29,187
23,29,183
24,29,179
25,29,174
26,29,169
27,29,167
28,29,166
29,29,164
30,29,164
31,29,165
32,29,166
33,29,169
34,29,171
35,29,174
36,29,178
37,29,179
38,29,180
39,29,180
40,29,178
41,29,173
42,29,169
43,29,166
44,29,165
45,29,165
46,29,166
47,29,165
48,29,168
49,29,169
50,29,166
51,29,163
52,29,159
53,29,157
54,29,154
55,29,152
56,29,149
57,29,148
58,29,147
59,29,146
60,29,145
61,29,143
62,29,142
63,29,141
64,29,140
65,29,139
66,29,138
67,29,133
68,29,130
69,29,128
70,29,127
71,29,125
72,29,124
73,29,122
74,29,120
75,29,118
76,29,117
77,29,115
78,29,112
79,29,111
80,29,111
81,29,111
82,29,111
83,29,110
84,29,109
85,29,108
86,29,106
87,29,100
1,30,107
2,30,110
3,30,115
4,30,119
5,30,123
6,30,129
7,30,135
8,30,141
9,30,146
10,30,156
11,30,161
12,30,165
13,30,168
14,30,173
15,30,179
16,30,182
17,30,186
18,30,189
19,30,193
20,30,194
21,30,191
22,30,184
23,30,179
24,30,175
25,30,170
26,30,166
27,30,162
28,30,161
29,30,160
30,30,160
31,30,161
32,30,162
33,30,165
34,30,169
35,30,172
36,30,176
37,30,178
38,30,179
39,30,179
40,30,176
41,30,172
42,30,168
43,30,165
44,30,163
45,30,163
46,30,163
47,30,163
48,30,165
49,30,166
50,30,164
51,30,161
52,30,158
53,30,155
54,30,152
55,30,150
56,30,147
57,30,146
58,30,144
59,30,143
60,30,142
61,30,141
62,30,139
63,30,139
64,30,138
65,30,137
66,30,135
67,30,131
68,30,128
69,30,127
70,30,125
71,30,124
72,30,122
73,30,121
74,30,119
75,30,118
76,30,116
77,30,115
78,30,113
79,30,112
80,30,111
81,30,111
82,30,110
83,30,110
84,30,109
85,30,109
86,30,105
87,30,100
1,31,108
2,31,110
3,31,114
4,31,120
5,31,128
6,31,134
7,31,140
8,31,146
9,31,152
10,31,158
11,31,162
12,31,166
13,31,169
14,31,175
15,31,180
16,31,183
17,31,186
18,31,189
19,31,193
20,31,195
21,31,190
22,31,184
23,31,176
24,31,171
25,31,167
26,31,163
27,31,160
28,31,158
29,31,157
30,31,156
31,31,157
32,31,159
33,31,163
34,31,166
35,31,170
36,31,174
37,31,176
38,31,178
39,31,178
40,31,176
41,31,172
42,31,167
43,31,164
44,31,161
45,31,161
46,31,160
47,31,161
48,31,163
49,31,163
50,31,163
51,31,160
52,31,157
53,31,153
54,31,150
55,31,148
56,31,146
57,31,144
58,31,142
59,31,141
60,31,140
61,31,139
62,31,138
63,31,136
64,31,135
65,31,134
66,31,133
67,31,129
68,31,127
69,31,126
70,31,124
71,31,122
72,31,121
73,31,119
74,31,118
75,31,117
76,31,116
77,31,114
78,31,113
79,31,112
80,31,111
81,31,110
82,31,110
83,31,109
84,31,109
85,31,107
86,31,104
87,31,100
1,32,108
2,32,110
3,32,115
4,32,121
5,32,131
6,32,137
7,32,142
8,32,147
9,32,152
10,32,159
11,32,163
12,32,167
13,32,170
14,32,177
15,32,182
16,32,184
17,32,187
18,32,189
19,32,192
20,32,194
21,32,189
22,32,183
23,32,174
24,32,169
25,32,165
26,32,161
27,32,158
28,32,156
29,32,154
30,32,153
31,32,154
32,32,157
33,32,160
34,32,164
35,32,167
36,32,171
37,32,172
38,32,174
39,32,174
40,32,173
41,32,171
42,32,168
43,32,161
44,32,159
45,32,158
46,32,158
47,32,159
48,32,161
49,32,161
50,32,160
51,32,158
52,32,155
53,32,151
54,32,149
55,32,147
56,32,144
57,32,142
58,32,141
59,32,140
60,32,138
61,32,137
62,32,136
63,32,135
64,32,134
65,32,132
66,32,130
67,32,128
68,32,126
69,32,125
70,32,123
71,32,121
72,32,119
73,32,118
74,32,117
75,32,116
76,32,115
77,32,113
78,32,112
79,32,112
80,32,111
81,32,110
82,32,109
83,32,108
84,32,107
85,32,105
86,32,101
87,32,100
1,33,110
2,33,111
3,33,116
4,33,122
5,33,129
6,33,137
7,33,142
8,33,146
9,33,151
10,33,158
11,33,164
12,33,168
13,33,172
14,33,179
15,33,183
16,33,186
17,33,189
18,33,190
19,33,192
20,33,193
21,33,188
22,33,182
23,33,174
24,33,168
25,33,164
26,33,161
27,33,157
28,33,154
29,33,151
30,33,149
31,33,151
32,33,154
33,33,158
34,33,161
35,33,167
36,33,170
37,33,170
38,33,170
39,33,170
40,33,169
41,33,168
42,33,166
43,33,160
44,33,157
45,33,156
46,33,156
47,33,157
48,33,158
49,33,159
50,33,159
51,33,156
52,33,153
53,33,150
54,33,148
55,33,146
56,33,144
57,33,141
58,33,140
59,33,140
60,33,138
61,33,136
62,33,135
63,33,134
64,33,133
65,33,131
66,33,129
67,33,127
68,33,125
69,33,123
70,33,122
71,33,120
72,33,118
73,33,117
74,33,116
75,33,115
76,33,114
77,33,112
78,33,111
79,33,110
80,33,108
81,33,107
82,33,106
83,33,105
84,33,104
85,33,102
86,33,100
87,33,100
1,34,110
2,34,112
3,34,118
4,34,124
5,34,130
6,34,136
7,34,142
8,34,146
9,34,151
10,34,157
11,34,163
12,34,168
13,34,174
14,34,178
15,34,183
16,34,187
17,34,189
18,34,190
19,34,191
20,34,192
21,34,189
22,34,182
23,34,174
24,34,168
25,34,164
26,34,160
27,34,157
28,34,153
29,34,149
30,34,148
31,34,149
32,34,153
33,34,157
34,34,161
35,34,167
36,34,170
37,34,170
38,34,170
39,34,168
40,34,166
41,34,165
42,34,163
43,34,159
44,34,156
45,34,154
46,34,153
47,34,155
48,34,155
49,34,155
50,34,155
51,34,152
52,34,150
53,34,149
54,34,147
55,34,145
56,34,143
57,34,141
58,34,140
59,34,139
60,34,138
61,34,136
62,34,134
63,34,133
64,34,131
65,34,130
66,34,128
67,34,126
68,34,124
69,34,122
70,34,120
71,34,119
72,34,117
73,34,116
74,34,115
75,34,114
76,34,113
77,34,111
78,34,110
79,34,107
80,34,106
81,34,105
82,34,105
83,34,102
84,34,101
85,34,100
86,34,100
87,34,100
1,35,110
2,35,113
3,35,119
4,35,125
5,35,131
6,35,136
7,35,141
8,35,145
9,35,150
10,35,158
11,35,164
12,35,168
13,35,172
14,35,177
15,35,183
16,35,187
17,35,189
18,35,191
19,35,192
20,35,191
21,35,190
22,35,183
23,35,174
24,35,168
25,35,164
26,35,160
27,35,157
28,35,153
29,35,150
30,35,149
31,35,150
32,35,154
33,35,158
34,35,162
35,35,166
36,35,170
37,35,170
38,35,168
39,35,166
40,35,164
41,35,162
42,35,160
43,35,158
44,35,155
45,35,152
46,35,151
47,35,151
48,35,151
49,35,151
50,35,151
51,35,149
52,35,148
53,35,147
54,35,146
55,35,145
56,35,143
57,35,142
58,35,140
59,35,139
60,35,137
61,35,135
62,35,134
63,35,132
64,35,131
65,35,129
66,35,127
67,35,125
68,35,123
69,35,121
70,35,119
71,35,117
72,35,116
73,35,114
74,35,114
75,35,113
76,35,112
77,35,110
78,35,108
79,35,107
80,35,105
81,35,103
82,35,100
83,35,100
84,35,100
85,35,100
86,35,99
87,35,99
1,36,110
2,36,114
3,36,119
4,36,126
5,36,131
6,36,135
7,36,140
8,36,144
9,36,149
10,36,158
11,36,164
12,36,168
13,36,172
14,36,176
15,36,183
16,36,184
17,36,189
18,36,190
19,36,191
20,36,191
21,36,190
22,36,183
23,36,174
24,36,169
25,36,165
26,36,161
27,36,158
28,36,154
29,36,150
30,36,151
31,36,152
32,36,155
33,36,159
34,36,164
35,36,168
36,36,168
37,36,168
38,36,167
39,36,165
40,36,163
41,36,160
42,36,158
43,36,155
44,36,153
45,36,150
46,36,148
47,36,148
48,36,148
49,36,148
50,36,148
51,36,147
52,36,146
53,36,146
54,36,145
55,36,143
56,36,142
57,36,141
58,36,140
59,36,139
60,36,138
61,36,136
62,36,134
63,36,132
64,36,131
65,36,128
66,36,126
67,36,124
68,36,122
69,36,120
70,36,118
71,36,116
72,36,114
73,36,113
74,36,113
75,36,112
76,36,111
77,36,108
78,36,107
79,36,106
80,36,105
81,36,104
82,36,102
83,36,100
84,36,99
85,36,99
86,36,99
87,36,99
1,37,110
2,37,116
3,37,121
4,37,127
5,37,132
6,37,136
7,37,140
8,37,144
9,37,148
10,37,154
11,37,160
12,37,166
13,37,171
14,37,176
15,37,180
16,37,184
17,37,189
18,37,190
19,37,191
20,37,191
21,37,191
22,37,183
23,37,176
24,37,170
25,37,166
26,37,163
27,37,159
28,37,156
29,37,154
30,37,155
31,37,155
32,37,158
33,37,161
34,37,165
35,37,170
36,37,167
37,37,166
38,37,165
39,37,163
40,37,161
41,37,158
42,37,155
43,37,152
44,37,150
45,37,146
46,37,145
47,37,145
48,37,145
49,37,146
50,37,146
51,37,144
52,37,145
53,37,145
54,37,144
55,37,142
56,37,141
57,37,140
58,37,140
59,37,140
60,37,140
61,37,138
62,37,136
63,37,134
64,37,131
65,37,128
66,37,125
67,37,123
68,37,121
69,37,119
70,37,117
71,37,115
72,37,113
73,37,112
74,37,111
75,37,111
76,37,110
77,37,108
78,37,106
79,37,105
80,37,102
81,37,100
82,37,100
83,37,99
84,37,99
85,37,99
86,37,98
87,37,98
1,38,110
2,38,115
3,38,121
4,38,127
5,38,132
6,38,136
7,38,140
8,38,144
9,38,148
10,38,151
11,38,157
12,38,162
13,38,169
14,38,174
15,38,178
16,38,181
17,38,186
18,38,188
19,38,190
20,38,191
21,38,190
22,38,184
23,38,177
24,38,172
25,38,168
26,38,165
27,38,162
28,38,159
29,38,158
30,38,158
31,38,159
32,38,161
33,38,166
34,38,167
35,38,169
36,38,166
37,38,164
38,38,163
39,38,161
40,38,159
41,38,156
42,38,153
43,38,149
44,38,146
45,38,142
46,38,142
47,38,141
48,38,142
49,38,143
50,38,143
51,38,143
52,38,143
53,38,144
54,38,142
55,38,141
56,38,140
57,38,140
58,38,140
59,38,140
60,38,140
61,38,140
62,38,138
63,38,134
64,38,131
65,38,128
66,38,125
67,38,123
68,38,120
69,38,117
70,38,116
71,38,114
72,38,112
73,38,110
74,38,109
75,38,108
76,38,107
77,38,106
78,38,105
79,38,102
80,38,101
81,38,100
82,38,99
83,38,99
84,38,99
85,38,98
86,38,98
87,38,97
1,39,110
2,39,114
3,39,120
4,39,126
5,39,131
6,39,136
7,39,140
8,39,143
9,39,146
10,39,149
11,39,154
12,39,159
13,39,166
14,39,171
15,39,177
16,39,180
17,39,182
18,39,186
19,39,190
20,39,190
21,39,190
22,39,185
23,39,179
24,39,174
25,39,171
26,39,168
27,39,166
28,39,163
29,39,164
30,39,163
31,39,166
32,39,169
33,39,170
34,39,170
35,39,168
36,39,164
37,39,162
38,39,161
39,39,158
40,39,155
41,39,153
42,39,150
43,39,147
44,39,143
45,39,139
46,39,139
47,39,139
48,39,139
49,39,140
50,39,141
51,39,141
52,39,142
53,39,142
54,39,141
55,39,140
56,39,140
57,39,140
58,39,140
59,39,140
60,39,140
61,39,140
62,39,137
63,39,134
64,39,131
65,39,128
66,39,125
67,39,122
68,39,119
69,39,116
70,39,114
71,39,112
72,39,110
73,39,109
74,39,109
75,39,108
76,39,107
77,39,105
78,39,100
79,39,100
80,39,100
81,39,99
82,39,99
83,39,99
84,39,98
85,39,98
86,39,97
87,39,97
1,40,110
2,40,112
3,40,118
4,40,124
5,40,130
6,40,135
7,40,139
8,40,142
9,40,145
10,40,148
11,40,151
12,40,157
13,40,163
14,40,169
15,40,172
16,40,176
17,40,179
18,40,183
19,40,187
20,40,190
21,40,190
22,40,186
23,40,180
24,40,177
25,40,175
26,40,173
27,40,170
28,40,169
29,40,169
30,40,170
31,40,171
32,40,172
33,40,170
34,40,170
35,40,167
36,40,163
37,40,160
38,40,157
39,40,154
40,40,152
41,40,149
42,40,147
43,40,144
44,40,140
45,40,137
46,40,137
47,40,136
48,40,137
49,40,138
50,40,138
51,40,139
52,40,140
53,40,141
54,40,140
55,40,140
56,40,140
57,40,140
58,40,140
59,40,140
60,40,140
61,40,140
62,40,138
63,40,134
64,40,131
65,40,128
66,40,124
67,40,121
68,40,118
69,40,115
70,40,112
71,40,110
72,40,109
73,40,108
74,40,107
75,40,106
76,40,105
77,40,100
78,40,100
79,40,100
80,40,99
81,40,99
82,40,99
83,40,98
84,40,98
85,40,98
86,40,97
87,40,97
1,41,108
2,41,110
3,41,116
4,41,122
5,41,128
6,41,133
7,41,137
8,41,141
9,41,143
10,41,146
11,41,149
12,41,154
13,41,161
14,41,165
15,41,168
16,41,172
17,41,175
18,41,180
19,41,184
20,41,188
21,41,189
22,41,187
23,41,182
24,41,178
25,41,176
26,41,176
27,41,175
28,41,173
29,41,174
30,41,173
31,41,175
32,41,174
33,41,173
34,41,171
35,41,168
36,41,161
37,41,157
38,41,154
39,41,150
40,41,148
41,41,145
42,41,143
43,41,141
44,41,138
45,41,135
46,41,135
47,41,134
48,41,135
49,41,135
50,41,136
51,41,136
52,41,137
53,41,138
54,41,139
55,41,140
56,41,140
57,41,140
58,41,140
59,41,140
60,41,140
61,41,140
62,41,139
63,41,135
64,41,130
65,41,126
66,41,123
67,41,120
68,41,117
69,41,114
70,41,111
71,41,109
72,41,108
73,41,107
74,41,106
75,41,105
76,41,100
77,41,100
78,41,100
79,41,99
80,41,99
81,41,98
82,41,98
83,41,98
84,41,98
85,41,97
86,41,97
87,41,96
1,42,108
2,42,110
3,42,114
4,42,120
5,42,126
6,42,129
7,42,134
8,42,139
9,42,142
10,42,144
11,42,146
12,42,152
13,42,158
14,42,161
15,42,164
16,42,168
17,42,171
18,42,175
19,42,181
20,42,184
21,42,186
22,42,186
23,42,183
24,42,179
25,42,178
26,42,178
27,42,177
28,42,175
29,42,178
30,42,177
31,42,177
32,42,176
33,42,175
34,42,173
35,42,168
36,42,162
37,42,156
38,42,153
39,42,149
40,42,145
41,42,142
42,42,140
43,42,138
44,42,136
45,42,133
46,42,132
47,42,132
48,42,132
49,42,134
50,42,134
51,42,134
52,42,134
53,42,135
54,42,136
55,42,137
56,42,138
57,42,140
58,42,140
59,42,140
60,42,140
61,42,139
62,42,137
63,42,133
64,42,127
65,42,123
66,42,120
67,42,118
68,42,115
69,42,112
70,42,108
71,42,108
72,42,106
73,42,106
74,42,105
75,42,100
76,42,100
77,42,100
78,42,98
79,42,98
80,42,98
81,42,98
82,42,98
83,42,98
84,42,97
85,42,96
86,42,96
87,42,96
1,43,108
2,43,110
3,43,112
4,43,117
5,43,122
6,43,126
7,43,129
8,43,135
9,43,139
10,43,141
11,43,144
12,43,149
13,43,153
14,43,156
15,43,160
16,43,165
17,43,168
18,43,171
19,43,177
20,43,181
21,43,184
22,43,185
23,43,182
24,43,180
25,43,180
26,43,179
27,43,178
28,43,178
29,43,180
30,43,179
31,43,179
32,43,178
33,43,176
34,43,173
35,43,168
36,43,163
37,43,157
38,43,152
39,43,148
40,43,143
41,43,139
42,43,137
43,43,135
44,43,133
45,43,131
46,43,130
47,43,130
48,43,131
49,43,132
50,43,132
51,43,132
52,43,131
53,43,132
54,43,132
55,43,133
56,43,134
57,43,136
58,43,137
59,43,137
60,43,137
61,43,136
62,43,134
63,43,131
64,43,124
65,43,121
66,43,118
67,43,116
68,43,114
69,43,111
70,43,109
71,43,107
72,43,106
73,43,105
74,43,100
75,43,100
76,43,100
77,43,97
78,43,97
79,43,97
80,43,97
81,43,97
82,43,97
83,43,97
84,43,96
85,43,96
86,43,96
87,43,96
1,44,107
2,44,109
3,44,111
4,44,116
5,44,119
6,44,122
7,44,125
8,44,130
9,44,135
10,44,137
11,44,140
12,44,144
13,44,148
14,44,152
15,44,156
16,44,161
17,44,165
18,44,168
19,44,172
20,44,177
21,44,181
22,44,184
23,44,181
24,44,181
25,44,181
26,44,180
27,44,180
28,44,180
29,44,180
30,44,180
31,44,180
32,44,178
33,44,178
34,44,173
35,44,168
36,44,163
37,44,158
38,44,152
39,44,146
40,44,141
41,44,138
42,44,136
43,44,134
44,44,132
45,44,130
46,44,129
47,44,128
48,44,128
49,44,130
50,44,130
51,44,130
52,44,129
53,44,128
54,44,129
55,44,129
56,44,130
57,44,132
58,44,133
59,44,133
60,44,134
61,44,134
62,44,132
63,44,128
64,44,122
65,44,119
66,44,116
67,44,114
68,44,112
69,44,108
70,44,106
71,44,105
72,44,105
73,44,100
74,44,100
75,44,100
76,44,97
77,44,97
78,44,97
79,44,97
80,44,97
81,44,97
82,44,97
83,44,96
84,44,96
85,44,96
86,44,96
87,44,95
1,45,107
2,45,108
3,45,110
4,45,113
5,45,115
6,45,118
7,45,121
8,45,126
9,45,131
10,45,134
11,45,137
12,45,140
13,45,143
14,45,148
15,45,152
16,45,157
17,45,162
18,45,165
19,45,169
20,45,173
21,45,177
22,45,181
23,45,181
24,45,181
25,45,180
26,45,181
27,45,181
28,45,181
29,45,180
30,45,180
31,45,180
32,45,178
33,45,176
34,45,170
35,45,167
36,45,163
37,45,158
38,45,152
39,45,145
40,45,140
41,45,137
42,45,134
43,45,132
44,45,130
45,45,129
46,45,127
47,45,127
48,45,126
49,45,127
50,45,128
51,45,128
52,45,126
53,45,125
54,45,125
55,45,125
56,45,123
57,45,126
58,45,128
59,45,129
60,45,130
61,45,130
62,45,125
63,45,124
64,45,119
65,45,116
66,45,114
67,45,112
68,45,110
69,45,107
70,45,106
71,45,105
72,45,100
73,45,100
74,45,100
75,45,96
76,45,96
77,45,96
78,45,96
79,45,96
80,45,96
81,45,96
82,45,96
83,45,96
84,45,96
85,45,96
86,45,95
87,45,95
1,46,108
2,46,109
3,46,110
4,46,111
5,46,114
6,46,116
7,46,118
8,46,122
9,46,127
10,46,130
11,46,133
12,46,136
13,46,140
14,46,144
15,46,148
16,46,153
17,46,157
18,46,161
19,46,165
20,46,169
21,46,173
22,46,177
23,46,180
24,46,180
25,46,180
26,46,180
27,46,181
28,46,180
29,46,180
30,46,180
31,46,179
32,46,178
33,46,173
34,46,168
35,46,165
36,46,161
37,46,156
38,46,149
39,46,143
40,46,139
41,46,136
42,46,133
43,46,130
44,46,129
45,46,128
46,46,126
47,46,126
48,46,125
49,46,125
50,46,125
51,46,125
52,46,124
53,46,122
54,46,121
55,46,120
56,46,120
57,46,120
58,46,120
59,46,121
60,46,122
61,46,123
62,46,122
63,46,120
64,46,117
65,46,114
66,46,111
67,46,108
68,46,106
69,46,105
70,46,100
71,46,100
72,46,100
73,46,100
74,46,96
75,46,96
76,46,96
77,46,96
78,46,96
79,46,96
80,46,96
81,46,96
82,46,96
83,46,96
84,46,96
85,46,95
86,46,95
87,46,95
1,47,108
2,47,109
3,47,110
4,47,110
5,47,112
6,47,115
7,47,116
8,47,118
9,47,122
10,47,125
11,47,129
12,47,133
13,47,137
14,47,140
15,47,144
16,47,149
17,47,152
18,47,157
19,47,161
20,47,165
21,47,169
22,47,173
23,47,176
24,47,179
25,47,179
26,47,180
27,47,180
28,47,180
29,47,178
30,47,178
31,47,176
32,47,175
33,47,171
34,47,165
35,47,163
36,47,160
37,47,153
38,47,148
39,47,143
40,47,139
41,47,135
42,47,132
43,47,129
44,47,128
45,47,127
46,47,125
47,47,124
48,47,124
49,47,123
50,47,123
51,47,122
52,47,122
53,47,120
54,47,118
55,47,117
56,47,118
57,47,115
58,47,117
59,47,118
60,47,118
61,47,119
62,47,117
63,47,116
64,47,115
65,47,112
66,47,109
67,47,107
68,47,105
69,47,100
70,47,100
71,47,100
72,47,100
73,47,97
74,47,96
75,47,96
76,47,96
77,47,96
78,47,96
79,47,96
80,47,96
81,47,96
82,47,96
83,47,96
84,47,95
85,47,95
86,47,95
87,47,95
1,48,108
2,48,109
3,48,110
4,48,110
5,48,110
6,48,113
7,48,114
8,48,116
9,48,119
10,48,122
11,48,126
12,48,131
13,48,134
14,48,138
15,48,141
16,48,145
17,48,149
18,48,152
19,48,156
20,48,160
21,48,164
22,48,169
23,48,171
24,48,174
25,48,177
26,48,175
27,48,178
28,48,179
29,48,177
30,48,175
31,48,174
32,48,172
33,48,168
34,48,163
35,48,160
36,48,157
37,48,151
38,48,147
39,48,143
40,48,138
41,48,133
42,48,130
43,48,128
44,48,125
45,48,125
46,48,124
47,48,123
48,48,122
49,48,121
50,48,121
51,48,120
52,48,120
53,48,118
54,48,116
55,48,115
56,48,111
57,48,110
58,48,110
59,48,110
60,48,110
61,48,113
62,48,114
63,48,113
64,48,112
65,48,110
66,48,107
67,48,105
68,48,102
69,48,100
70,48,100
71,48,100
72,48,98
73,48,97
74,48,96
75,48,96
76,48,96
77,48,96
78,48,96
79,48,96
80,48,96
81,48,96
82,48,96
83,48,96
84,48,95
85,48,95
86,48,95
87,48,94
1,49,108
2,49,109
3,49,109
4,49,110
5,49,110
6,49,111
7,49,112
8,49,114
9,49,117
10,49,120
11,49,124
12,49,128
13,49,131
14,49,135
15,49,138
16,49,142
17,49,145
18,49,149
19,49,152
20,49,155
21,49,158
22,49,163
23,49,166
24,49,167
25,49,170
26,49,173
27,49,175
28,49,175
29,49,175
30,49,173
31,49,171
32,49,169
33,49,164
34,49,160
35,49,156
36,49,153
37,49,149
38,49,144
39,49,140
40,49,136
41,49,131
42,49,129
43,49,126
44,49,124
45,49,123
46,49,123
47,49,122
48,49,121
49,49,120
50,49,120
51,49,120
52,49,119
53,49,117
54,49,115
55,49,111
56,49,110
57,49,110
58,49,110
59,49,110
60,49,110
61,49,109
62,49,109
63,49,110
64,49,109
65,49,108
66,49,106
67,49,103
68,49,101
69,49,100
70,49,100
71,49,100
72,49,98
73,49,97
74,49,96
75,49,96
76,49,96
77,49,96
78,49,96
79,49,96
80,49,96
81,49,96
82,49,96
83,49,95
84,49,95
85,49,95
86,49,95
87,49,94
1,50,108
2,50,108
3,50,109
4,50,109
5,50,110
6,50,110
7,50,110
8,50,112
9,50,115
10,50,118
11,50,121
12,50,125
13,50,128
14,50,131
15,50,134
16,50,138
17,50,141
18,50,145
19,50,147
20,50,149
21,50,152
22,50,157
23,50,160
24,50,161
25,50,163
26,50,166
27,50,169
28,50,170
29,50,170
30,50,171
31,50,168
32,50,162
33,50,158
34,50,155
35,50,152
36,50,148
37,50,144
38,50,140
39,50,136
40,50,132
41,50,129
42,50,127
43,50,124
44,50,122
45,50,121
46,50,120
47,50,120
48,50,120
49,50,120
50,50,120
51,50,119
52,50,117
53,50,115
54,50,113
55,50,110
56,50,110
57,50,110
58,50,110
59,50,109
60,50,108
61,50,108
62,50,107
63,50,107
64,50,106
65,50,105
66,50,104
67,50,102
68,50,100
69,50,100
70,50,100
71,50,99
72,50,98
73,50,97
74,50,96
75,50,96
76,50,96
77,50,96
78,50,96
79,50,96
80,50,96
81,50,96
82,50,96
83,50,95
84,50,95
85,50,95
86,50,94
87,50,94
1,51,107
2,51,108
3,51,109
4,51,109
5,51,110
6,51,110
7,51,110
8,51,112
9,51,115
10,51,117
11,51,119
12,51,122
13,51,125
14,51,127
15,51,130
16,51,133
17,51,137
18,51,141
19,51,143
20,51,145
21,51,148
22,51,149
23,51,152
24,51,155
25,51,157
26,51,159
27,51,160
28,51,160
29,51,161
30,51,162
31,51,159
32,51,156
33,51,153
34,51,149
35,51,146
36,51,142
37,51,139
38,51,134
39,51,130
40,51,128
41,51,126
42,51,125
43,51,122
44,51,120
45,51,120
46,51,120
47,51,119
48,51,119
49,51,119
50,51,118
51,51,117
52,51,115
53,51,113
54,51,111
55,51,110
56,51,110
57,51,109
58,51,108
59,51,107
60,51,106
61,51,106
62,51,105
63,51,104
64,51,104
65,51,103
66,51,102
67,51,100
68,51,100
69,51,100
70,51,99
71,51,99
72,51,98
73,51,97
74,51,96
75,51,96
76,51,96
77,51,96
78,51,96
79,51,96
80,51,96
81,51,96
82,51,95
83,51,95
84,51,95
85,51,95
86,51,94
87,51,94
1,52,107
2,52,108
3,52,109
4,52,109
5,52,110
6,52,110
7,52,110
8,52,113
9,52,115
10,52,117
11,52,118
12,52,119
13,52,120
14,52,123
15,52,126
16,52,129
17,52,131
18,52,134
19,52,139
20,52,142
21,52,144
22,52,145
23,52,147
24,52,148
25,52,150
26,52,152
27,52,154
28,52,154
29,52,153
30,52,154
31,52,151
32,52,149
33,52,146
34,52,143
35,52,140
36,52,136
37,52,130
38,52,128
39,52,126
40,52,124
41,52,122
42,52,121
43,52,120
44,52,119
45,52,118
46,52,117
47,52,117
48,52,117
49,52,116
50,52,116
51,52,115
52,52,113
53,52,112
54,52,110
55,52,109
56,52,108
57,52,107
58,52,106
59,52,106
60,52,105
61,52,104
62,52,103
63,52,102
64,52,101
65,52,101
66,52,100
67,52,100
68,52,100
69,52,100
70,52,99
71,52,99
72,52,98
73,52,97
74,52,96
75,52,96
76,52,96
77,52,96
78,52,96
79,52,96
80,52,96
81,52,96
82,52,95
83,52,95
84,52,95
85,52,94
86,52,94
87,52,94
1,53,107
2,53,108
3,53,108
4,53,109
5,53,109
6,53,110
7,53,111
8,53,112
9,53,114
10,53,115
11,53,116
12,53,117
13,53,118
14,53,119
15,53,121
16,53,125
17,53,125
18,53,127
19,53,131
20,53,136
21,53,140
22,53,141
23,53,142
24,53,144
25,53,144
26,53,145
27,53,148
28,53,149
29,53,148
30,53,147
31,53,146
32,53,144
33,53,140
34,53,138
35,53,136
36,53,130
37,53,127
38,53,125
39,53,123
40,53,121
41,53,119
42,53,118
43,53,117
44,53,117
45,53,116
46,53,116
47,53,116
48,53,115
49,53,114
50,53,113
51,53,113
52,53,111
53,53,110
54,53,109
55,53,108
56,53,107
57,53,106
58,53,105
59,53,105
60,53,103
61,53,103
62,53,102
63,53,102
64,53,102
65,53,103
66,53,101
67,53,100
68,53,100
69,53,100
70,53,99
71,53,98
72,53,98
73,53,97
74,53,96
75,53,96
76,53,96
77,53,96
78,53,96
79,53,96
80,53,96
81,53,96
82,53,95
83,53,95
84,53,95
85,53,94
86,53,94
87,53,94
1,54,107
2,54,107
3,54,108
4,54,108
5,54,109
6,54,109
7,54,110
8,54,110
9,54,112
10,54,113
11,54,114
12,54,115
13,54,116
14,54,117
15,54,117
16,54,120
17,54,120
18,54,121
19,54,123
20,54,129
21,54,134
22,54,136
23,54,138
24,54,139
25,54,139
26,54,139
27,54,140
28,54,142
29,54,142
30,54,141
31,54,141
32,54,140
33,54,137
34,54,134
35,54,131
36,54,127
37,54,124
38,54,122
39,54,120
40,54,118
41,54,117
42,54,115
43,54,113
44,54,114
45,54,113
46,54,114
47,54,114
48,54,113
49,54,112
50,54,111
51,54,110
52,54,110
53,54,109
54,54,108
55,54,107
56,54,106
57,54,105
58,54,105
59,54,105
60,54,104
61,54,104
62,54,104
63,54,103
64,54,103
65,54,103
66,54,101
67,54,100
68,54,100
69,54,99
70,54,99
71,54,98
72,54,97
73,54,96
74,54,96
75,54,96
76,54,96
77,54,96
78,54,96
79,54,96
80,54,96
81,54,96
82,54,95
83,54,95
84,54,94
85,54,94
86,54,94
87,54,94
1,55,106
2,55,107
3,55,107
4,55,108
5,55,108
6,55,108
7,55,109
8,55,110
9,55,110
10,55,111
11,55,112
12,55,113
13,55,114
14,55,115
15,55,114
16,55,115
17,55,116
18,55,116
19,55,119
20,55,123
21,55,125
22,55,130
23,55,133
24,55,134
25,55,134
26,55,134
27,55,134
28,55,135
29,55,135
30,55,136
31,55,135
32,55,134
33,55,132
34,55,130
35,55,128
36,55,124
37,55,121
38,55,119
39,55,118
40,55,116
41,55,114
42,55,112
43,55,111
44,55,111
45,55,111
46,55,112
47,55,112
48,55,111
49,55,110
50,55,110
51,55,110
52,55,109
53,55,108
54,55,108
55,55,107
56,55,108
57,55,107
58,55,106
59,55,105
60,55,104
61,55,104
62,55,104
63,55,103
64,55,103
65,55,103
66,55,102
67,55,101
68,55,100
69,55,99
70,55,99
71,55,98
72,55,97
73,55,96
74,55,96
75,55,96
76,55,96
77,55,96
78,55,96
79,55,96
80,55,96
81,55,95
82,55,95
83,55,95
84,55,94
85,55,94
86,55,94
87,55,94
1,56,106
2,56,106
3,56,107
4,56,107
5,56,107
6,56,108
7,56,109
8,56,109
9,56,110
10,56,110
11,56,111
12,56,111
13,56,112
14,56,113
15,56,112
16,56,111
17,56,111
18,56,112
19,56,115
20,56,118
21,56,118
22,56,119
23,56,126
24,56,128
25,56,128
26,56,127
27,56,128
28,56,128
29,56,129
30,56,130
31,56,129
32,56,128
33,56,127
34,56,125
35,56,122
36,56,120
37,56,118
38,56,117
39,56,115
40,56,114
41,56,112
42,56,110
43,56,110
44,56,110
45,56,110
46,56,110
47,56,111
48,56,110
49,56,110
50,56,110
51,56,109
52,56,109
53,56,108
54,56,107
55,56,106
56,56,105
57,56,105
58,56,105
59,56,104
60,56,104
61,56,104
62,56,103
63,56,103
64,56,102
65,56,102
66,56,102
67,56,101
68,56,100
69,56,99
70,56,99
71,56,98
72,56,97
73,56,96
74,56,96
75,56,96
76,56,96
77,56,96
78,56,96
79,56,96
80,56,96
81,56,95
82,56,95
83,56,94
84,56,94
85,56,94
86,56,94
87,56,94
1,57,105
2,57,106
3,57,106
4,57,107
5,57,107
6,57,108
7,57,108
8,57,109
9,57,109
10,57,110
11,57,110
12,57,110
13,57,110
14,57,111
15,57,110
16,57,110
17,57,110
18,57,110
19,57,111
20,57,114
21,57,115
22,57,116
23,57,121
24,57,121
25,57,121
26,57,121
27,57,121
28,57,122
29,57,123
30,57,124
31,57,124
32,57,123
33,57,121
34,57,119
35,57,118
36,57,117
37,57,115
38,57,114
39,57,112
40,57,111
41,57,110
42,57,110
43,57,110
44,57,110
45,57,110
46,57,110
47,57,109
48,57,109
49,57,108
50,57,109
51,57,107
52,57,107
53,57,106
54,57,106
55,57,105
56,57,105
57,57,104
58,57,104
59,57,104
60,57,104
61,57,103
62,57,103
63,57,102
64,57,102
65,57,102
66,57,101
67,57,100
68,57,100
69,57,99
70,57,99
71,57,98
72,57,97
73,57,96
74,57,96
75,57,96
76,57,96
77,57,96
78,57,96
79,57,96
80,57,96
81,57,95
82,57,95
83,57,94
84,57,94
85,57,94
86,57,94
87,57,94
1,58,105
2,58,105
3,58,106
4,58,106
5,58,107
6,58,107
7,58,108
8,58,108
9,58,109
10,58,109
11,58,109
12,58,109
13,58,109
14,58,110
15,58,110
16,58,110
17,58,110
18,58,110
19,58,110
20,58,110
21,58,111
22,58,112
23,58,115
24,58,115
25,58,115
26,58,115
27,58,115
28,58,116
29,58,116
30,58,117
31,58,119
32,58,118
33,58,117
34,58,116
35,58,114
36,58,113
37,58,112
38,58,110
39,58,110
40,58,110
41,58,110
42,58,110
43,58,110
44,58,109
45,58,109
46,58,108
47,58,107
48,58,106
49,58,106
50,58,106
51,58,106
52,58,106
53,58,105
54,58,105
55,58,105
56,58,104
57,58,104
58,58,104
59,58,103
60,58,103
61,58,103
62,58,102
63,58,102
64,58,102
65,58,101
66,58,100
67,58,100
68,58,99
69,58,99
70,58,98
71,58,97
72,58,97
73,58,96
74,58,96
75,58,96
76,58,96
77,58,96
78,58,96
79,58,96
80,58,96
81,58,95
82,58,95
83,58,94
84,58,94
85,58,94
86,58,94
87,58,94
1,59,104
2,59,105
3,59,105
4,59,106
5,59,106
6,59,107
7,59,107
8,59,108
9,59,108
10,59,108
11,59,108
12,59,108
13,59,108
14,59,108
15,59,108
16,59,108
17,59,108
18,59,108
19,59,108
20,59,108
21,59,110
22,59,110
23,59,110
24,59,110
25,59,110
26,59,110
27,59,110
28,59,111
29,59,113
30,59,115
31,59,116
32,59,115
33,59,113
34,59,112
35,59,110
36,59,110
37,59,110
38,59,110
39,59,110
40,59,110
41,59,109
42,59,108
43,59,108
44,59,108
45,59,108
46,59,107
47,59,106
48,59,105
49,59,105
50,59,105
51,59,105
52,59,105
53,59,105
54,59,104
55,59,104
56,59,104
57,59,104
58,59,103
59,59,103
60,59,103
61,59,102
62,59,102
63,59,102
64,59,101
65,59,100
66,59,100
67,59,100
68,59,99
69,59,99
70,59,98
71,59,97
72,59,97
73,59,96
74,59,96
75,59,96
76,59,96
77,59,96
78,59,96
79,59,96
80,59,96
81,59,95
82,59,95
83,59,94
84,59,94
85,59,94
86,59,94
87,59,94
1,60,104
2,60,104
3,60,105
4,60,105
5,60,106
6,60,106
7,60,107
8,60,107
9,60,107
10,60,107
11,60,107
12,60,107
13,60,107
14,60,106
15,60,106
16,60,106
17,60,106
18,60,106
19,60,106
20,60,108
21,60,108
22,60,108
23,60,106
24,60,106
25,60,108
26,60,109
27,60,110
28,60,110
29,60,112
30,60,112
31,60,113
32,60,112
33,60,111
34,60,110
35,60,110
36,60,110
37,60,110
38,60,109
39,60,109
40,60,109
41,60,108
42,60,107
43,60,107
44,60,107
45,60,107
46,60,106
47,60,106
48,60,105
49,60,104
50,60,104
51,60,104
52,60,104
53,60,104
54,60,104
55,60,104
56,60,103
57,60,103
58,60,103
59,60,103
60,60,102
61,60,102
62,60,101
63,60,101
64,60,100
65,60,100
66,60,100
67,60,100
68,60,99
69,60,99
70,60,98
71,60,97
72,60,97
73,60,96
74,60,96
75,60,96
76,60,96
77,60,96
78,60,96
79,60,96
80,60,95
81,60,95
82,60,95
83,60,94
84,60,94
85,60,94
86,60,94
87,60,94
1,61,103
2,61,104
3,61,104
4,61,105
5,61,105
6,61,106
7,61,106
8,61,106
9,61,107
10,61,107
11,61,106
12,61,106
13,61,105
14,61,105
15,61,104
16,61,104
17,61,104
18,61,104
19,61,105
20,61,107
21,61,107
22,61,106
23,61,105
24,61,105
25,61,107
26,61,108
27,61,109
28,61,110
29,61,110
30,61,110
31,61,110
32,61,110
33,61,110
34,61,109
35,61,109
36,61,109
37,61,109
38,61,109
39,61,109
40,61,108
41,61,107
42,61,107
43,61,107
44,61,107
45,61,106
46,61,106
47,61,105
48,61,104
49,61,104
50,61,104
51,61,104
52,61,104
53,61,104
54,61,104
55,61,103
56,61,103
57,61,103
58,61,103
59,61,102
60,61,102
61,61,101
62,61,101
63,61,100
64,61,100
65,61,100
66,61,100
67,61,100
68,61,99
69,61,98
70,61,97
71,61,97
72,61,96
73,61,96
74,61,96
75,61,96
76,61,96
77,61,96
78,61,96
79,61,95
80,61,95
81,61,95
82,61,94
83,61,94
84,61,94
85,61,94
86,61,94
87,61,94
